,benchmark_id,size,models,total_pairs,close_pairs,std(A),std(E(A)),E(std(A)),std(A-B),E(std(A-B)),std(E(A-B)),std_signtest,"corr(A,B)",A!=B,p5_min,p5_max,no_solve,tau-,sig_noise
0,swebench-test,2294,22,462,38,"{'count': 22.0, 'mean': 0.0067137372, 'std': 0.0030376037, 'min': 0.0008710791, '25%': 0.0045059782, '50%': 0.0077088436, '75%': 0.0089349303, 'max': 0.0103041471}","{'count': 22.0, 'mean': 0.0067137372, 'std': 0.0030376037, 'min': 0.0008710791, '25%': 0.0045059782, '50%': 0.0077088436, '75%': 0.0089349303, 'max': 0.0103041471}","{'count': 22.0, 'mean': 0.0, 'std': 0.0, 'min': 0.0, '25%': 0.0, '50%': 0.0, '75%': 0.0, 'max': 0.0}","{'count': 38.0, 'mean': 0.0059698057, 'std': 0.0024517445, 'min': 0.0018462234, '25%': 0.0030029617, '50%': 0.0074564087, '75%': 0.0076138506, 'max': 0.0081306743}","{'count': 38.0, 'mean': 0.0, 'std': 0.0, 'min': 0.0, '25%': 0.0, '50%': 0.0, '75%': 0.0, 'max': 0.0}","{'count': 38.0, 'mean': 0.0059698057, 'std': 0.0024517445, 'min': 0.0018462234, '25%': 0.0030029617, '50%': 0.0074564087, '75%': 0.0076138506, 'max': 0.0081306743}","{'count': 38.0, 'mean': 0.0059739051, 'std': 0.0024528524, 'min': 0.001849451, '25%': 0.0030057644, '50%': 0.0074617449, '75%': 0.0076254514, 'max': 0.0081319783}","{'count': 38.0, 'mean': 0.4041306237, 'std': 0.206821045, 'min': -0.0035026391, '25%': 0.2464543581, '50%': 0.4967482052, '75%': 0.5498874637, 'max': 0.6930941881}","{'count': 38.0, 'mean': 218.6315789474, 'std': 129.6157358341, 'min': 18.0, '25%': 47.75, '50%': 293.0, '75%': 306.0, 'max': 348.0}",12.0,37.0,1075,26,
1,CRUXEval-output-T0.8,800,31,930,252,"{'count': 31.0, 'mean': 0.0166564483, 'std': 0.0009546914, 'min': 0.0139565278, '25%': 0.016189133, '50%': 0.0169998799, '75%': 0.0173832649, 'max': 0.0176686162}","{'count': 31.0, 'mean': 0.0139328459, 'std': 0.0013441807, 'min': 0.0112490963, '25%': 0.0132029203, '50%': 0.0141580028, '75%': 0.015049102, 'max': 0.0158414976}","{'count': 31.0, 'mean': 0.0089873129, 'std': 0.0013155248, 'min': 0.005, '25%': 0.0082917116, '50%': 0.0090407066, '75%': 0.0093013575, 'max': 0.0119706673}","{'count': 252.0, 'mean': 0.0162764861, 'std': 0.0010713496, 'min': 0.0132603468, '25%': 0.0156384386, '50%': 0.0161423332, '75%': 0.0169911106, 'max': 0.0191108357}","{'count': 252.0, 'mean': 0.0130650784, 'std': 0.0011074468, 'min': 0.0112319299, '25%': 0.0122039952, '50%': 0.0128065519, '75%': 0.013997625, 'max': 0.0152755933}","{'count': 252.0, 'mean': 0.0096340019, 'std': 0.0011578933, 'min': 0.0065674148, '25%': 0.008913989, '50%': 0.0096153523, '75%': 0.0104798843, 'max': 0.012695557}","{'count': 252.0, 'mean': 0.0163074127, 'std': 0.0010783367, 'min': 0.013273564, '25%': 0.0156843871, '50%': 0.0161583956, '75%': 0.0170038837, 'max': 0.0191833261}","{'count': 252.0, 'mean': 0.7641076959, 'std': 0.053051335, 'min': 0.6247161185, '25%': 0.7358780186, '50%': 0.7583557022, '75%': 0.7936789613, 'max': 0.908630504}","{'count': 252.0, 'mean': 170.9375396825, 'std': 22.7025843409, 'min': 112.76, '25%': 157.44, '50%': 167.1, '75%': 185.045, 'max': 235.52}",23.6,27.5,35,86,2.5719947935
2,CRUXEval-output-T0.2,800,37,1332,280,"{'count': 37.0, 'mean': 0.0166617657, 'std': 0.0010909661, 'min': 0.013570794, '25%': 0.0163497892, '50%': 0.0169602108, '75%': 0.0174134461, 'max': 0.0176776342}","{'count': 37.0, 'mean': 0.0155773788, 'std': 0.0014890679, 'min': 0.0118496074, '25%': 0.0149618258, '50%': 0.0160810836, '75%': 0.0166791125, 'max': 0.0172174688}","{'count': 37.0, 'mean': 0.005369456, 'std': 0.0022960344, 'min': 0.0, '25%': 0.0045910919, '50%': 0.0051690183, '75%': 0.0056747797, 'max': 0.0107011974}","{'count': 280.0, 'mean': 0.0156477343, 'std': 0.001634995, 'min': 0.0110151848, '25%': 0.0148485398, '50%': 0.0154303914, '75%': 0.0170421241, 'max': 0.0187207772}","{'count': 280.0, 'mean': 0.0082516709, 'std': 0.002203644, 'min': 0.0028867513, '25%': 0.0070458839, '50%': 0.0075436231, '75%': 0.0110000118, 'max': 0.0121937484}","{'count': 280.0, 'mean': 0.0131557345, 'std': 0.0012322928, 'min': 0.0082469502, '25%': 0.0128001228, '50%': 0.0134029028, '75%': 0.0138935259, 'max': 0.0153597256}","{'count': 280.0, 'mean': 0.0156771517, 'std': 0.001641785, 'min': 0.0110283725, '25%': 0.0148531866, '50%': 0.0154641713, '75%': 0.0170472687, 'max': 0.0187399973}","{'count': 280.0, 'mean': 0.6558661061, 'std': 0.0729701253, 'min': 0.4402970289, '25%': 0.6182466668, '50%': 0.6576190553, '75%': 0.6863868127, 'max': 0.8780501958}","{'count': 280.0, 'mean': 159.0137063492, 'std': 32.4411335629, 'min': 77.84, '25%': 141.195, '50%': 153.05, '75%': 185.99, 'max': 224.76}",21.5,29.1,24,36,2.7295344255
3,humaneval+,164,49,2352,1088,"{'count': 49.0, 'mean': 0.0371062923, 'std': 0.0017098202, 'min': 0.032639008, '25%': 0.0357421924, '50%': 0.0374761426, '75%': 0.0386905476, 'max': 0.0390434405}","{'count': 49.0, 'mean': 0.0371062923, 'std': 0.0017098202, 'min': 0.032639008, '25%': 0.0357421924, '50%': 0.0374761426, '75%': 0.0386905476, 'max': 0.0390434405}","{'count': 49.0, 'mean': 0.0, 'std': 0.0, 'min': 0.0, '25%': 0.0, '50%': 0.0, '75%': 0.0, 'max': 0.0}","{'count': 1088.0, 'mean': 0.0387215016, 'std': 0.0039312395, 'min': 0.0285802721, '25%': 0.0360453654, '50%': 0.0385334827, '75%': 0.040884278, 'max': 0.0497013031}","{'count': 1088.0, 'mean': 0.0, 'std': 0.0, 'min': 0.0, '25%': 0.0, '50%': 0.0, '75%': 0.0, 'max': 0.0}","{'count': 1088.0, 'mean': 0.0387215016, 'std': 0.0039312395, 'min': 0.0285802721, '25%': 0.0360453654, '50%': 0.0385334827, '75%': 0.040884278, 'max': 0.0497013031}","{'count': 1088.0, 'mean': 0.0390810714, 'std': 0.0039922755, 'min': 0.0292428751, '25%': 0.0365853659, '50%': 0.0390434405, '75%': 0.0413556706, 'max': 0.0502817759}","{'count': 1088.0, 'mean': 0.4541223398, 'std': 0.0907958, 'min': 0.1560994914, '25%': 0.4083584416, '50%': 0.4649804908, '75%': 0.5141312878, 'max': 0.7251297684}","{'count': 1088.0, 'mean': 41.5073529412, 'std': 8.5375915962, 'min': 23.0, '25%': 36.0, '50%': 41.0, '75%': 46.0, 'max': 68.0}",11.0,16.0,7,3,0.5029900629
4,lcb_codegen_v5,880,24,552,68,"{'count': 24.0, 'mean': 0.0152927985, 'std': 0.0015586791, 'min': 0.0116889765, '25%': 0.0139855424, '50%': 0.0161253924, '75%': 0.016659328, 'max': 0.0168505554}","{'count': 24.0, 'mean': 0.0145555641, 'std': 0.0016408141, 'min': 0.0113548772, '25%': 0.0137932988, '50%': 0.0150564779, '75%': 0.0158809358, 'max': 0.0167501538}","{'count': 24.0, 'mean': 0.0033025624, 'std': 0.0033642337, 'min': 0.0, '25%': 0.0, '50%': 0.0035187227, '75%': 0.0060505766, 'max': 0.0091334233}","{'count': 68.0, 'mean': 0.0132561776, 'std': 0.0019971279, 'min': 0.0099254565, '25%': 0.0111794894, '50%': 0.0131726123, '75%': 0.0150587672, 'max': 0.0171890901}","{'count': 68.0, 'mean': 0.0049279741, 'std': 0.0038763735, 'min': 0.0, '25%': 0.0, '50%': 0.0065209849, '75%': 0.0077664448, 'max': 0.0116691875}","{'count': 68.0, 'mean': 0.0116284052, 'std': 0.0023293499, 'min': 0.0049689101, '25%': 0.0100744756, '50%': 0.0118116333, '75%': 0.0134326855, 'max': 0.0150587672}","{'count': 68.0, 'mean': 0.0132835526, 'std': 0.002000959, 'min': 0.0099715504, '25%': 0.0111803399, '50%': 0.0132027382, '75%': 0.0151183349, 'max': 0.0171963022}","{'count': 68.0, 'mean': 0.6740125924, 'std': 0.0929804106, 'min': 0.4979275086, '25%': 0.5979778111, '50%': 0.676775768, '75%': 0.7508656032, 'max': 0.9164554044}","{'count': 68.0, 'mean': 139.7, 'std': 41.6440005534, 'min': 77.0, '25%': 96.8, '50%': 135.01, '75%': 177.0, 'max': 229.0}",19.9,27.4,56,38,
5,piqa,1838,36,1260,392,"{'count': 36.0, 'mean': 0.0093192183, 'std': 0.0006542535, 'min': 0.0082318787, '25%': 0.0088230165, '50%': 0.0093244046, '75%': 0.0096673266, 'max': 0.0107413438}","{'count': 36.0, 'mean': 0.0093192183, 'std': 0.0006542535, 'min': 0.0082318787, '25%': 0.0088230165, '50%': 0.0093244046, '75%': 0.0096673266, 'max': 0.0107413438}","{'count': 36.0, 'mean': 0.0, 'std': 0.0, 'min': 0.0, '25%': 0.0, '50%': 0.0, '75%': 0.0, 'max': 0.0}","{'count': 392.0, 'mean': 0.0068541626, 'std': 0.0007408947, 'min': 0.005372542, '25%': 0.0063183693, '50%': 0.0066695549, '75%': 0.0072536005, 'max': 0.0095172979}","{'count': 392.0, 'mean': 0.0, 'std': 0.0, 'min': 0.0, '25%': 0.0, '50%': 0.0, '75%': 0.0, 'max': 0.0}","{'count': 392.0, 'mean': 0.0068541626, 'std': 0.0007408947, 'min': 0.005372542, '25%': 0.0063183693, '50%': 0.0066695549, '75%': 0.0072536005, 'max': 0.0095172979}","{'count': 392.0, 'mean': 0.0068595135, 'std': 0.0007409319, 'min': 0.0053860147, '25%': 0.006321518, '50%': 0.0066745524, '75%': 0.0072587944, 'max': 0.0095173317}","{'count': 392.0, 'mean': 0.7199455953, 'std': 0.0466791448, 'min': 0.6003100694, '25%': 0.6959346651, '50%': 0.7293502344, '75%': 0.7526364047, 'max': 0.8078748452}","{'count': 392.0, 'mean': 160.806122449, 'std': 35.9366188759, 'min': 98.0, '25%': 135.0, '50%': 150.5, '75%': 178.0, 'max': 306.0}",24.0,28.0,98,154,1.7583937928
6,CRUXEval-input-T0.2,800,37,1332,303,"{'count': 37.0, 'mean': 0.0167116653, 'std': 0.0011713228, 'min': 0.011928904, '25%': 0.0162306225, '50%': 0.0170979165, '75%': 0.0175439843, 'max': 0.0176776248}","{'count': 37.0, 'mean': 0.0152706031, 'std': 0.001281857, 'min': 0.0111922965, '25%': 0.0147862102, '50%': 0.0156269374, '75%': 0.0161495447, 'max': 0.0169445327}","{'count': 37.0, 'mean': 0.006438353, 'std': 0.0021198271, 'min': 0.0, '25%': 0.0059608095, '50%': 0.0068897569, '75%': 0.0070863964, 'max': 0.0109921847}","{'count': 303.0, 'mean': 0.0175182301, 'std': 0.0014693092, 'min': 0.0133402306, '25%': 0.0165154791, '50%': 0.0176313591, '75%': 0.0184733232, 'max': 0.0203595781}","{'count': 303.0, 'mean': 0.0098619221, 'std': 0.0015817075, 'min': 0.0042081271, '25%': 0.0091957871, '50%': 0.0097315531, '75%': 0.0106444635, 'max': 0.0143929236}","{'count': 303.0, 'mean': 0.0143899035, 'std': 0.00149235, 'min': 0.0102827212, '25%': 0.0136513786, '50%': 0.0147001276, '75%': 0.0154359254, 'max': 0.0169828935}","{'count': 303.0, 'mean': 0.0175539286, 'std': 0.0014706882, 'min': 0.0133482989, '25%': 0.0165165628, '50%': 0.0176564436, '75%': 0.0185118205, 'max': 0.0203876494}","{'count': 303.0, 'mean': 0.5742212921, 'std': 0.0780776909, 'min': 0.3847645302, '25%': 0.5264790364, '50%': 0.5647551925, '75%': 0.6214018545, 'max': 0.8003248369}","{'count': 303.0, 'mean': 198.589563623, 'std': 32.6684547634, 'min': 114.033333333, '25%': 174.59, '50%': 199.52, '75%': 219.32, 'max': 266.02}",26.1,31.4,19,74,1.6843827993
7,agi_english,2546,35,1190,158,"{'count': 35.0, 'mean': 0.0093273253, 'std': 0.0005644642, 'min': 0.0082091093, '25%': 0.0090395384, '50%': 0.0094402459, '75%': 0.0098392789, 'max': 0.0099090028}","{'count': 35.0, 'mean': 0.0093273253, 'std': 0.0005644642, 'min': 0.0082091093, '25%': 0.0090395384, '50%': 0.0094402459, '75%': 0.0098392789, 'max': 0.0099090028}","{'count': 35.0, 'mean': 0.0, 'std': 0.0, 'min': 0.0, '25%': 0.0, '50%': 0.0, '75%': 0.0, 'max': 0.0}","{'count': 158.0, 'mean': 0.0110159901, 'std': 0.0008085766, 'min': 0.0086764466, '25%': 0.0105124381, '50%': 0.0110251243, '75%': 0.0116201664, 'max': 0.01259101}","{'count': 158.0, 'mean': 0.0, 'std': 0.0, 'min': 0.0, '25%': 0.0, '50%': 0.0, '75%': 0.0, 'max': 0.0}","{'count': 158.0, 'mean': 0.0110159901, 'std': 0.0008085766, 'min': 0.0086764466, '25%': 0.0105124381, '50%': 0.0110251243, '75%': 0.0116201664, 'max': 0.01259101}","{'count': 158.0, 'mean': 0.0110217175, 'std': 0.0008084097, 'min': 0.0086855241, '25%': 0.0105153873, '50%': 0.0110256629, '75%': 0.011621699, 'max': 0.0125993833}","{'count': 158.0, 'mean': 0.2625230475, 'std': 0.1750792739, 'min': -0.0996093458, '25%': 0.1348880899, '50%': 0.2790869073, '75%': 0.4266081237, 'max': 0.5827067037}","{'count': 158.0, 'mean': 791.6455696203, 'std': 113.8505040535, 'min': 489.0, '25%': 716.75, '50%': 788.0, '75%': 875.5, 'max': 1029.0}",51.0,59.0,25,522,5.1713270025
8,lcb_codegen_v6_080124,454,30,870,160,"{'count': 30.0, 'mean': 0.0219636412, 'std': 0.0013527594, 'min': 0.0187106195, '25%': 0.0209903225, '50%': 0.0221831941, '75%': 0.0232532058, 'max': 0.0234652519}","{'count': 30.0, 'mean': 0.0216443281, 'std': 0.0017076683, 'min': 0.0178813969, '25%': 0.0202135292, '50%': 0.0220555715, '75%': 0.0232532058, 'max': 0.0234652519}","{'count': 30.0, 'mean': 0.0016896115, 'std': 0.0032195267, 'min': 0.0, '25%': 0.0, '50%': 0.0, '75%': 0.0, 'max': 0.0106663436}","{'count': 160.0, 'mean': 0.0191461068, 'std': 0.002470464, 'min': 0.0144403674, '25%': 0.0176070471, '50%': 0.0188081731, '75%': 0.020183797, 'max': 0.0247083948}","{'count': 160.0, 'mean': 0.0022355603, 'std': 0.0040932863, 'min': 0.0, '25%': 0.0, '50%': 0.0, '75%': 0.0, 'max': 0.0109291949}","{'count': 160.0, 'mean': 0.0184994258, 'std': 0.0029693098, 'min': 0.0109714904, '25%': 0.0171453964, '50%': 0.0185351672, '75%': 0.0198802756, 'max': 0.0247083948}","{'count': 160.0, 'mean': 0.0192125546, 'std': 0.0024858739, 'min': 0.0144436972, '25%': 0.0176211454, '50%': 0.0189286296, '75%': 0.0201995603, 'max': 0.0248225279}","{'count': 160.0, 'mean': 0.6346408066, 'std': 0.1128459904, 'min': 0.3473231612, '25%': 0.5893707298, '50%': 0.6476325983, '75%': 0.6984114174, 'max': 0.8486165238}","{'count': 160.0, 'mean': 77.34775, 'std': 20.4312500795, 'min': 43.0, '25%': 64.0, '50%': 73.85, '75%': 84.1, 'max': 127.0}",15.0,23.0,25,12,
9,mbpp,378,59,3422,1108,"{'count': 59.0, 'mean': 0.0236173489, 'std': 0.0022307465, 'min': 0.0158216089, '25%': 0.0223878241, '50%': 0.024386913, '75%': 0.0255086687, 'max': 0.025716865}","{'count': 59.0, 'mean': 0.0236173489, 'std': 0.0022307465, 'min': 0.0158216089, '25%': 0.0223878241, '50%': 0.024386913, '75%': 0.0255086687, 'max': 0.025716865}","{'count': 59.0, 'mean': 0.0, 'std': 0.0, 'min': 0.0, '25%': 0.0, '50%': 0.0, '75%': 0.0, 'max': 0.0}","{'count': 1108.0, 'mean': 0.0242294606, 'std': 0.0027610463, 'min': 0.0162875247, '25%': 0.0220265305, '50%': 0.0241118504, '75%': 0.0262939161, 'max': 0.0301191432}","{'count': 1108.0, 'mean': 0.0, 'std': 0.0, 'min': 0.0, '25%': 0.0, '50%': 0.0, '75%': 0.0, 'max': 0.0}","{'count': 1108.0, 'mean': 0.0242294606, 'std': 0.0027610463, 'min': 0.0162875247, '25%': 0.0220265305, '50%': 0.0241118504, '75%': 0.0262939161, 'max': 0.0301191432}","{'count': 1108.0, 'mean': 0.0243344209, 'std': 0.0027786917, 'min': 0.0163079736, '25%': 0.0221338631, '50%': 0.0242464322, '75%': 0.026322419, 'max': 0.0302791618}","{'count': 1108.0, 'mean': 0.4799042362, 'std': 0.0749671735, 'min': 0.2840253952, '25%': 0.4296496871, '50%': 0.4846915507, '75%': 0.5256120512, 'max': 0.7633972656}","{'count': 1108.0, 'mean': 85.7129963899, 'std': 19.3791330435, 'min': 38.0, '25%': 70.0, '50%': 84.0, '75%': 99.0, 'max': 131.0}",14.0,22.0,9,15,1.9792739259
10,mbpp+,378,59,3422,1204,"{'count': 59.0, 'mean': 0.024984209, 'std': 0.0007773278, 'min': 0.0225400229, '25%': 0.0246042206, '50%': 0.0252463893, '75%': 0.0255936362, 'max': 0.025717225}","{'count': 59.0, 'mean': 0.024984209, 'std': 0.0007773278, 'min': 0.0225400229, '25%': 0.0246042206, '50%': 0.0252463893, '75%': 0.0255936362, 'max': 0.025717225}","{'count': 59.0, 'mean': 0.0, 'std': 0.0, 'min': 0.0, '25%': 0.0, '50%': 0.0, '75%': 0.0, 'max': 0.0}","{'count': 1204.0, 'mean': 0.023760524, 'std': 0.0023889582, 'min': 0.0166762066, '25%': 0.0219979323, '50%': 0.0236654201, '75%': 0.0255032304, 'max': 0.0289480674}","{'count': 1204.0, 'mean': 0.0, 'std': 0.0, 'min': 0.0, '25%': 0.0, '50%': 0.0, '75%': 0.0, 'max': 0.0}","{'count': 1204.0, 'mean': 0.023760524, 'std': 0.0023889582, 'min': 0.0166762066, '25%': 0.0219979323, '50%': 0.0236654201, '75%': 0.0255032304, 'max': 0.0289480674}","{'count': 1204.0, 'mean': 0.0238617085, 'std': 0.0024023632, 'min': 0.0167316278, '25%': 0.0221338631, '50%': 0.0238095238, '75%': 0.0255123036, 'max': 0.0289800295}","{'count': 1204.0, 'mean': 0.5489830981, 'std': 0.079640798, 'min': 0.3448769972, '25%': 0.4969271899, '50%': 0.5583335561, '75%': 0.6057783035, 'max': 0.7874742398}","{'count': 1204.0, 'mean': 82.1794019934, 'std': 16.4284197415, 'min': 40.0, '25%': 70.0, '50%': 81.0, '75%': 93.0, 'max': 120.0}",16.0,21.0,36,22,1.6643523371
11,lcb_codegen_v6,1055,30,870,110,"{'count': 30.0, 'mean': 0.0134528073, 'std': 0.0015714854, 'min': 0.0102518803, '25%': 0.0123528807, '50%': 0.0134564103, '75%': 0.0149089846, 'max': 0.0153931158}","{'count': 30.0, 'mean': 0.0132385979, 'std': 0.0015491803, 'min': 0.0097245047, '25%': 0.0122579039, '50%': 0.0134564103, '75%': 0.0144501962, 'max': 0.0152921452}","{'count': 30.0, 'mean': 0.0011511632, 'std': 0.002147892, 'min': 0.0, '25%': 0.0, '50%': 0.0, '75%': 0.0, 'max': 0.0055779393}","{'count': 110.0, 'mean': 0.011217391, 'std': 0.0013379552, 'min': 0.00877775, '25%': 0.0101562746, '50%': 0.0112800531, '75%': 0.012311171, 'max': 0.014443392}","{'count': 110.0, 'mean': 0.0012333978, 'std': 0.0025084895, 'min': 0.0, '25%': 0.0, '50%': 0.0, '75%': 0.0, 'max': 0.0078278001}","{'count': 110.0, 'mean': 0.0108340125, 'std': 0.0015792313, 'min': 0.0076336605, '25%': 0.0096890816, '50%': 0.0109387079, '75%': 0.0121916049, 'max': 0.0137388158}","{'count': 110.0, 'mean': 0.0112357746, 'std': 0.0013394024, 'min': 0.0087901597, '25%': 0.0101757691, '50%': 0.0112951425, '75%': 0.0123250087, 'max': 0.0144455723}","{'count': 110.0, 'mean': 0.6352524319, 'std': 0.0828930842, 'min': 0.4657255419, '25%': 0.5889964138, '50%': 0.6339322055, '75%': 0.7044493307, 'max': 0.7890961891}","{'count': 110.0, 'mean': 142.4898181818, 'std': 34.0228971735, 'min': 86.0, '25%': 115.25, '50%': 142.0, '75%': 169.075, 'max': 232.26}",25.0,24.0,37,22,
12,safim,18340,22,462,22,"{'count': 22.0, 'mean': 0.0035533928, 'std': 0.0002176135, 'min': 0.0030720297, '25%': 0.0034125143, '50%': 0.0036247456, '75%': 0.0037421111, 'max': 0.0037559668}","{'count': 22.0, 'mean': 0.0035533928, 'std': 0.0002176135, 'min': 0.0030720297, '25%': 0.0034125143, '50%': 0.0036247456, '75%': 0.0037421111, 'max': 0.0037559668}","{'count': 22.0, 'mean': 0.0, 'std': 0.0, 'min': 0.0, '25%': 0.0, '50%': 0.0, '75%': 0.0, 'max': 0.0}","{'count': 22.0, 'mean': 0.0035998697, 'std': 0.000604988, 'min': 0.0026722481, '25%': 0.0029921851, '50%': 0.0036025434, '75%': 0.004257669, 'max': 0.0043269334}","{'count': 22.0, 'mean': 0.0, 'std': 0.0, 'min': 0.0, '25%': 0.0, '50%': 0.0, '75%': 0.0, 'max': 0.0}","{'count': 22.0, 'mean': 0.0035998697, 'std': 0.000604988, 'min': 0.0026722481, '25%': 0.0029921851, '50%': 0.0036025434, '75%': 0.004257669, 'max': 0.0043269334}","{'count': 22.0, 'mean': 0.003600245, 'std': 0.0006049803, 'min': 0.0026728683, '25%': 0.002992531, '50%': 0.0036032323, '75%': 0.004257766, 'max': 0.004327494}","{'count': 22.0, 'mean': 0.4778047249, 'std': 0.1435506098, 'min': 0.3125272341, '25%': 0.3186757808, '50%': 0.5056292904, '75%': 0.6188153428, 'max': 0.6796306046}","{'count': 22.0, 'mean': 4477.2727272727, 'std': 1447.7010406262, 'min': 2403.0, '25%': 3030.75, '50%': 4367.0, '75%': 6100.25, 'max': 6299.0}",115.0,155.0,2863,1366,8.5869059953
13,lcb_codegen,400,58,3306,1050,"{'count': 58.0, 'mean': 0.0189956043, 'std': 0.003855338, 'min': 0.0077681139, '25%': 0.0161930482, '50%': 0.020153037, '75%': 0.0217661743, 'max': 0.0249918706}","{'count': 58.0, 'mean': 0.0175870706, 'std': 0.0040373194, 'min': 0.005950302, '25%': 0.0145531731, '50%': 0.0187209397, '75%': 0.0205752757, 'max': 0.0235829619}","{'count': 58.0, 'mean': 0.0067773716, 'std': 0.0020632523, 'min': 0.0, '25%': 0.005934741, '50%': 0.0069775509, '75%': 0.008088365, 'max': 0.0098963377}","{'count': 1050.0, 'mean': 0.0183663682, 'std': 0.0026002963, 'min': 0.0114647285, '25%': 0.0166767506, '50%': 0.0183292692, '75%': 0.0198647772, 'max': 0.0264670757}","{'count': 1050.0, 'mean': 0.0098451234, 'std': 0.0016331616, 'min': 0.0, '25%': 0.0088881944, '50%': 0.0099136899, '75%': 0.0109999956, 'max': 0.0134791506}","{'count': 1050.0, 'mean': 0.015356194, 'std': 0.002946698, 'min': 0.0082499148, '25%': 0.0134684585, '50%': 0.0154333193, '75%': 0.0173345708, 'max': 0.0245472726}","{'count': 1050.0, 'mean': 0.0184384043, 'std': 0.0026083771, 'min': 0.0115758369, '25%': 0.0167518656, '50%': 0.0184289175, '75%': 0.0199530699, 'max': 0.0265636029}","{'count': 1050.0, 'mean': 0.6213168054, 'std': 0.09639501, 'min': 0.309812209, '25%': 0.5729145166, '50%': 0.6403507266, '75%': 0.679346396, 'max': 0.9019370527}","{'count': 1050.0, 'mean': 55.4835047619, 'std': 15.8054254753, 'min': 21.44, '25%': 44.9, '50%': 54.34, '75%': 63.7, 'max': 112.9}",10.3,21.2,97,6,1.4869731706
14,swebench-verified,500,93,8556,1554,"{'count': 93.0, 'mean': 0.0202464046, 'std': 0.003888087, 'min': 0.0028227646, '25%': 0.0203746902, '50%': 0.02161555, '75%': 0.0221404607, 'max': 0.0223606798}","{'count': 93.0, 'mean': 0.0202464046, 'std': 0.003888087, 'min': 0.0028227646, '25%': 0.0203746902, '50%': 0.02161555, '75%': 0.0221404607, 'max': 0.0223606798}","{'count': 93.0, 'mean': 0.0, 'std': 0.0, 'min': 0.0, '25%': 0.0, '50%': 0.0, '75%': 0.0, 'max': 0.0}","{'count': 1554.0, 'mean': 0.0196789079, 'std': 0.0023783852, 'min': 0.0052907466, '25%': 0.0182988524, '50%': 0.0202265172, '75%': 0.0213174107, 'max': 0.0242353461}","{'count': 1554.0, 'mean': 0.0, 'std': 0.0, 'min': 0.0, '25%': 0.0, '50%': 0.0, '75%': 0.0, 'max': 0.0}","{'count': 1554.0, 'mean': 0.0196789079, 'std': 0.0023783852, 'min': 0.0052907466, '25%': 0.0182988524, '50%': 0.0202265172, '75%': 0.0213174107, 'max': 0.0242353461}","{'count': 1554.0, 'mean': 0.0197414029, 'std': 0.0023850891, 'min': 0.0052915026, '25%': 0.0183303028, '50%': 0.0202977831, '75%': 0.0213541565, 'max': 0.0242487113}","{'count': 1554.0, 'mean': 0.5699563408, 'std': 0.0938801076, 'min': -0.0187050138, '25%': 0.5128551431, '50%': 0.5733552744, '75%': 0.6338562627, 'max': 0.7790387301}","{'count': 1554.0, 'mean': 98.851994852, 'std': 21.486484151, 'min': 7.0, '25%': 84.0, '50%': 103.0, '75%': 114.0, 'max': 147.0}",12.0,23.0,49,9,
15,mmlu,14042,36,1260,56,"{'count': 36.0, 'mean': 0.0039432168, 'std': 0.0002737464, 'min': 0.0033044065, '25%': 0.0037121292, '50%': 0.0040766027, '75%': 0.004193476, 'max': 0.0042163257}","{'count': 36.0, 'mean': 0.0039432168, 'std': 0.0002737464, 'min': 0.0033044065, '25%': 0.0037121292, '50%': 0.0040766027, '75%': 0.004193476, 'max': 0.0042163257}","{'count': 36.0, 'mean': 0.0, 'std': 0.0, 'min': 0.0, '25%': 0.0, '50%': 0.0, '75%': 0.0, 'max': 0.0}","{'count': 56.0, 'mean': 0.0044235741, 'std': 0.0004103045, 'min': 0.0033672751, '25%': 0.0041860447, '50%': 0.004518552, '75%': 0.0047398304, 'max': 0.005171009}","{'count': 56.0, 'mean': 0.0, 'std': 0.0, 'min': 0.0, '25%': 0.0, '50%': 0.0, '75%': 0.0, 'max': 0.0}","{'count': 56.0, 'mean': 0.0044235741, 'std': 0.0004103045, 'min': 0.0033672751, '25%': 0.0041860447, '50%': 0.004518552, '75%': 0.0047398304, 'max': 0.005171009}","{'count': 56.0, 'mean': 0.0044239939, 'std': 0.0004103291, 'min': 0.0033674948, '25%': 0.0041861651, '50%': 0.0045192007, '75%': 0.0047400741, 'max': 0.0051722828}","{'count': 56.0, 'mean': 0.3839690014, 'std': 0.1473828695, 'min': -0.0306948173, '25%': 0.3616754754, '50%': 0.4205448513, '75%': 0.4808259102, 'max': 0.5450537495}","{'count': 56.0, 'mean': 3891.7142857143, 'std': 697.4955122511, 'min': 2236.0, '25%': 3455.75, '50%': 4027.0, '75%': 4430.25, 'max': 5275.0}",129.0,110.0,84,1743,13.2367731849
16,tqa,11313,36,1260,32,"{'count': 36.0, 'mean': 0.004322902, 'std': 0.0004202466, 'min': 0.0031289151, '25%': 0.0041515075, '50%': 0.0044716149, '75%': 0.0046292799, 'max': 0.0047007137}","{'count': 36.0, 'mean': 0.004322902, 'std': 0.0004202466, 'min': 0.0031289151, '25%': 0.0041515075, '50%': 0.0044716149, '75%': 0.0046292799, 'max': 0.0047007137}","{'count': 36.0, 'mean': 0.0, 'std': 0.0, 'min': 0.0, '25%': 0.0, '50%': 0.0, '75%': 0.0, 'max': 0.0}","{'count': 32.0, 'mean': 0.0034466988, 'std': 0.0004720671, 'min': 0.0026319702, '25%': 0.0030350729, '50%': 0.0034756694, '75%': 0.0038788004, 'max': 0.0040531549}","{'count': 32.0, 'mean': 0.0, 'std': 0.0, 'min': 0.0, '25%': 0.0, '50%': 0.0, '75%': 0.0, 'max': 0.0}","{'count': 32.0, 'mean': 0.0034466988, 'std': 0.0004720671, 'min': 0.0026319702, '25%': 0.0030350729, '50%': 0.0034756694, '75%': 0.0038788004, 'max': 0.0040531549}","{'count': 32.0, 'mean': 0.0034470069, 'std': 0.0004720306, 'min': 0.0026325948, '25%': 0.0030352586, '50%': 0.0034759703, '75%': 0.0038790035, 'max': 0.0040536089}","{'count': 32.0, 'mean': 0.6800999211, 'std': 0.0684637523, 'min': 0.4951073613, '25%': 0.6435590933, '50%': 0.687818281, '75%': 0.7345721522, 'max': 0.7764967587}","{'count': 32.0, 'mean': 1548.3125, 'std': 410.7503313175, 'min': 887.0, '25%': 1179.25, '50%': 1546.5, '75%': 1925.75, 'max': 2103.0}",62.0,76.0,1338,323,12.5885336619
17,CRUXEval-input-T0.8,800,31,930,274,"{'count': 31.0, 'mean': 0.0163341239, 'std': 0.0013511644, 'min': 0.0117326468, '25%': 0.0156886724, '50%': 0.0165971754, '75%': 0.0173103231, 'max': 0.0176110267}","{'count': 31.0, 'mean': 0.0123608277, 'std': 0.0014696773, 'min': 0.0086468744, '25%': 0.0115389853, '50%': 0.0122391502, '75%': 0.0133972707, 'max': 0.0148860253}","{'count': 31.0, 'mean': 0.0105648842, 'std': 0.0014636769, 'min': 0.0063418254, '25%': 0.0098553914, '50%': 0.0107194333, '75%': 0.011328879, 'max': 0.0130048068}","{'count': 274.0, 'mean': 0.018374376, 'std': 0.0010834381, 'min': 0.0136386285, '25%': 0.0177166919, '50%': 0.0183589295, '75%': 0.0192585026, 'max': 0.0204496481}","{'count': 274.0, 'mean': 0.0155868783, 'std': 0.0010529479, 'min': 0.0115704365, '25%': 0.014883401, '50%': 0.015566892, '75%': 0.0162562488, 'max': 0.0183298766}","{'count': 274.0, 'mean': 0.0096583381, 'std': 0.0012056654, 'min': 0.0069183632, '25%': 0.0088076217, '50%': 0.0095357223, '75%': 0.0105983342, 'max': 0.0125238827}","{'count': 274.0, 'mean': 0.0184095101, 'std': 0.0010863881, 'min': 0.0136930639, '25%': 0.017743837, '50%': 0.018369472, '75%': 0.0193423111, 'max': 0.0205038106}","{'count': 274.0, 'mean': 0.7041675231, 'std': 0.0564236132, 'min': 0.5629746725, '25%': 0.6683487667, '50%': 0.7007866191, '75%': 0.7375413702, 'max': 0.8662101355}","{'count': 274.0, 'mean': 217.6550364964, 'std': 25.1665849488, 'min': 120.0, '25%': 201.5, '50%': 215.96, '75%': 239.44, 'max': 269.06}",27.6,33.7,17,89,2.1104525915
18,nq,3610,36,1260,88,"{'count': 36.0, 'mean': 0.0067384034, 'std': 0.0015344451, 'min': 0.0025091117, '25%': 0.0061856844, '50%': 0.0072490565, '75%': 0.0078653714, 'max': 0.0083195302}","{'count': 36.0, 'mean': 0.0067384034, 'std': 0.0015344451, 'min': 0.0025091117, '25%': 0.0061856844, '50%': 0.0072490565, '75%': 0.0078653714, 'max': 0.0083195302}","{'count': 36.0, 'mean': 0.0, 'std': 0.0, 'min': 0.0, '25%': 0.0, '50%': 0.0, '75%': 0.0, 'max': 0.0}","{'count': 88.0, 'mean': 0.0062762042, 'std': 0.0005423461, 'min': 0.0041606611, '25%': 0.0060488152, '50%': 0.0064078811, '75%': 0.0066615369, 'max': 0.0069472092}","{'count': 88.0, 'mean': 0.0, 'std': 0.0, 'min': 0.0, '25%': 0.0, '50%': 0.0, '75%': 0.0, 'max': 0.0}","{'count': 88.0, 'mean': 0.0062762042, 'std': 0.0005423461, 'min': 0.0041606611, '25%': 0.0060488152, '50%': 0.0064078811, '75%': 0.0066615369, 'max': 0.0069472092}","{'count': 88.0, 'mean': 0.0062791362, 'std': 0.0005423566, 'min': 0.004164348, '25%': 0.0060531203, '50%': 0.0064102134, '75%': 0.0066626095, 'max': 0.0069473331}","{'count': 88.0, 'mean': 0.6050970495, 'std': 0.0726627709, 'min': 0.4433705232, '25%': 0.5540694211, '50%': 0.5996757106, '75%': 0.6458353874, 'max': 0.7389366816}","{'count': 88.0, 'mean': 517.6136363636, 'std': 81.3145491525, 'min': 226.0, '25%': 477.5, '50%': 535.5, '75%': 578.5, 'max': 629.0}",38.0,46.0,1138,200,5.9788300616
19,hellaswag,10042,36,1260,80,"{'count': 36.0, 'mean': 0.0040678331, 'std': 0.0005104033, 'min': 0.0031644608, '25%': 0.0036374767, '50%': 0.0039781823, '75%': 0.0043541792, 'max': 0.0049893666}","{'count': 36.0, 'mean': 0.0040678331, 'std': 0.0005104033, 'min': 0.0031644608, '25%': 0.0036374767, '50%': 0.0039781823, '75%': 0.0043541792, 'max': 0.0049893666}","{'count': 36.0, 'mean': 0.0, 'std': 0.0, 'min': 0.0, '25%': 0.0, '50%': 0.0, '75%': 0.0, 'max': 0.0}","{'count': 80.0, 'mean': 0.0026163831, 'std': 0.0003659057, 'min': 0.0020955575, '25%': 0.0023342853, '50%': 0.0025424913, '75%': 0.0028885266, 'max': 0.0034667819}","{'count': 80.0, 'mean': 0.0, 'std': 0.0, 'min': 0.0, '25%': 0.0, '50%': 0.0, '75%': 0.0, 'max': 0.0}","{'count': 80.0, 'mean': 0.0026163831, 'std': 0.0003659057, 'min': 0.0020955575, '25%': 0.0023342853, '50%': 0.0025424913, '75%': 0.0028885266, 'max': 0.0034667819}","{'count': 80.0, 'mean': 0.0026167284, 'std': 0.0003659312, 'min': 0.0020959535, '25%': 0.0023348638, '50%': 0.0025427488, '75%': 0.0028885627, 'max': 0.0034668184}","{'count': 80.0, 'mean': 0.7753889514, 'std': 0.0346590355, 'min': 0.6939450075, '25%': 0.7616009303, '50%': 0.78203409, '75%': 0.803956382, 'max': 0.8198729202}","{'count': 80.0, 'mean': 703.825, 'std': 199.8776698668, 'min': 443.0, '25%': 549.75, '50%': 652.0, '75%': 841.5, 'max': 1212.0}",45.0,52.0,613,160,6.4092752948
20,arc_challenge,1165,38,1406,274,"{'count': 38.0, 'mean': 0.0143310724, 'std': 0.0004187778, 'min': 0.0130388314, '25%': 0.0142519907, '50%': 0.0145078516, '75%': 0.0145964779, 'max': 0.0146489198}","{'count': 38.0, 'mean': 0.0143310724, 'std': 0.0004187778, 'min': 0.0130388314, '25%': 0.0142519907, '50%': 0.0145078516, '75%': 0.0145964779, 'max': 0.0146489198}","{'count': 38.0, 'mean': 0.0, 'std': 0.0, 'min': 0.0, '25%': 0.0, '50%': 0.0, '75%': 0.0, 'max': 0.0}","{'count': 274.0, 'mean': 0.0126131716, 'std': 0.0010418144, 'min': 0.0104406937, '25%': 0.0117984533, '50%': 0.0126335328, '75%': 0.0135429447, 'max': 0.0149907507}","{'count': 274.0, 'mean': 0.0, 'std': 0.0, 'min': 0.0, '25%': 0.0, '50%': 0.0, '75%': 0.0, 'max': 0.0}","{'count': 274.0, 'mean': 0.0126131716, 'std': 0.0010418144, 'min': 0.0104406937, '25%': 0.0117984533, '50%': 0.0126335328, '75%': 0.0135429447, 'max': 0.0149907507}","{'count': 274.0, 'mean': 0.0126301572, 'std': 0.0010434685, 'min': 0.0104777301, '25%': 0.0118006241, '50%': 0.0126445664, '75%': 0.0135448359, 'max': 0.0149907718}","{'count': 274.0, 'mean': 0.6175926426, 'std': 0.0610009396, 'min': 0.4763897649, '25%': 0.5613461986, '50%': 0.6099522121, '75%': 0.6703175728, 'max': 0.7267460057}","{'count': 274.0, 'mean': 217.9781021898, 'std': 35.7411260337, 'min': 149.0, '25%': 189.0, '50%': 217.0, '75%': 249.0, 'max': 305.0}",27.0,30.0,165,130,2.767285034
21,DS1000,1000,105,10920,1954,"{'count': 105.0, 'mean': 0.0132645045, 'std': 0.0026965607, 'min': 0.0059691708, '25%': 0.0120961151, '50%': 0.0143638087, '75%': 0.0153949342, 'max': 0.0158082257}","{'count': 105.0, 'mean': 0.0132645045, 'std': 0.0026965607, 'min': 0.0059691708, '25%': 0.0120961151, '50%': 0.0143638087, '75%': 0.0153949342, 'max': 0.0158082257}","{'count': 105.0, 'mean': 0.0, 'std': 0.0, 'min': 0.0, '25%': 0.0, '50%': 0.0, '75%': 0.0, 'max': 0.0}","{'count': 1954.0, 'mean': 0.0144244715, 'std': 0.0019735117, 'min': 0.0069839101, '25%': 0.0135984926, '50%': 0.0147978377, '75%': 0.0157297171, 'max': 0.018751}","{'count': 1954.0, 'mean': 0.0, 'std': 0.0, 'min': 0.0, '25%': 0.0, '50%': 0.0, '75%': 0.0, 'max': 0.0}","{'count': 1954.0, 'mean': 0.0144244715, 'std': 0.0019735117, 'min': 0.0069839101, '25%': 0.0135984926, '50%': 0.0147978377, '75%': 0.0157297171, 'max': 0.018751}","{'count': 1954.0, 'mean': 0.0144461533, 'std': 0.0019751543, 'min': 0.007, '25%': 0.0136014705, '50%': 0.014832397, '75%': 0.0157480157, 'max': 0.018761663}","{'count': 1954.0, 'mean': 0.444364088, 'std': 0.1029955751, 'min': 0.0889106839, '25%': 0.3858848129, '50%': 0.4607040965, '75%': 0.5194446788, 'max': 0.6678401014}","{'count': 1954.0, 'mean': 212.5905834186, 'std': 52.9699625378, 'min': 49.0, '25%': 185.0, '50%': 220.0, '75%': 248.0, 'max': 352.0}",15.0,34.0,112,12,3.0023313857
22,humaneval,164,78,6006,1866,"{'count': 78.0, 'mean': 0.0354899624, 'std': 0.0035029214, 'min': 0.0249916557, '25%': 0.0335332052, '50%': 0.0365202425, '75%': 0.0386231041, 'max': 0.0390405371}","{'count': 78.0, 'mean': 0.0354899624, 'std': 0.0035029214, 'min': 0.0249916557, '25%': 0.0335332052, '50%': 0.0365202425, '75%': 0.0386231041, 'max': 0.0390405371}","{'count': 78.0, 'mean': 0.0, 'std': 0.0, 'min': 0.0, '25%': 0.0, '50%': 0.0, '75%': 0.0, 'max': 0.0}","{'count': 1866.0, 'mean': 0.0378220844, 'std': 0.0053788751, 'min': 0.0182368273, '25%': 0.0352343243, '50%': 0.0381387457, '75%': 0.041366633, 'max': 0.0498902431}","{'count': 1866.0, 'mean': 0.0, 'std': 0.0, 'min': 0.0, '25%': 0.0, '50%': 0.0, '75%': 0.0, 'max': 0.0}","{'count': 1866.0, 'mean': 0.0378220844, 'std': 0.0053788751, 'min': 0.0182368273, '25%': 0.0352343243, '50%': 0.0381387457, '75%': 0.041366633, 'max': 0.0498902431}","{'count': 1866.0, 'mean': 0.0381727763, 'std': 0.0054430383, 'min': 0.0182926829, '25%': 0.0355545847, '50%': 0.0385643617, '75%': 0.041802772, 'max': 0.0502817759}","{'count': 1866.0, 'mean': 0.456370124, 'std': 0.1053411609, 'min': 0.1418868246, '25%': 0.3950727113, '50%': 0.4509666478, '75%': 0.5173452971, 'max': 0.8053425302}","{'count': 1866.0, 'mean': 39.988210075, 'std': 10.7328700259, 'min': 9.0, '25%': 34.0, '50%': 40.0, '75%': 47.0, 'max': 68.0}",8.0,16.0,6,2,1.1183760971
23,gsm8k,1319,37,1332,114,"{'count': 37.0, 'mean': 0.0106782515, 'std': 0.0030771219, 'min': 0.0038275312, '25%': 0.0095830606, '50%': 0.0113609227, '75%': 0.0132992234, 'max': 0.0137655179}","{'count': 37.0, 'mean': 0.0106782515, 'std': 0.0030771219, 'min': 0.0038275312, '25%': 0.0095830606, '50%': 0.0113609227, '75%': 0.0132992234, 'max': 0.0137655179}","{'count': 37.0, 'mean': 0.0, 'std': 0.0, 'min': 0.0, '25%': 0.0, '50%': 0.0, '75%': 0.0, 'max': 0.0}","{'count': 114.0, 'mean': 0.0120382904, 'std': 0.0031848322, 'min': 0.0048544845, '25%': 0.0107929965, '50%': 0.0128925579, '75%': 0.0146878793, 'max': 0.0153817138}","{'count': 114.0, 'mean': 0.0, 'std': 0.0, 'min': 0.0, '25%': 0.0, '50%': 0.0, '75%': 0.0, 'max': 0.0}","{'count': 114.0, 'mean': 0.0120382904, 'std': 0.0031848322, 'min': 0.0048544845, '25%': 0.0107929965, '50%': 0.0128925579, '75%': 0.0146878793, 'max': 0.0153817138}","{'count': 114.0, 'mean': 0.0120537785, 'std': 0.0031891827, 'min': 0.0048545294, '25%': 0.0108285496, '50%': 0.0129330721, '75%': 0.0147206125, 'max': 0.0154260727}","{'count': 114.0, 'mean': 0.3164880787, 'std': 0.1241801048, 'min': -0.0247522527, '25%': 0.2739273054, '50%': 0.3696622266, '75%': 0.3931709721, 'max': 0.4976545149}","{'count': 114.0, 'mean': 270.3157894737, 'std': 117.3971638702, 'min': 41.0, '25%': 204.0, '50%': 291.0, '75%': 377.0, 'max': 414.0}",20.0,34.0,28,7,7.0940777348
24,siqa,1954,36,1260,458,"{'count': 36.0, 'mean': 0.0112646321, 'std': 0.0001054539, 'min': 0.0106992237, '25%': 0.0112711931, '50%': 0.0112977855, '75%': 0.0113078314, 'max': 0.0113111751}","{'count': 36.0, 'mean': 0.0112646321, 'std': 0.0001054539, 'min': 0.0106992237, '25%': 0.0112711931, '50%': 0.0112977855, '75%': 0.0113078314, 'max': 0.0113111751}","{'count': 36.0, 'mean': 0.0, 'std': 0.0, 'min': 0.0, '25%': 0.0, '50%': 0.0, '75%': 0.0, 'max': 0.0}","{'count': 458.0, 'mean': 0.0083498492, 'std': 0.0013273314, 'min': 0.006528423, '25%': 0.0072167312, '50%': 0.0078117639, '75%': 0.0099275526, 'max': 0.0112795328}","{'count': 458.0, 'mean': 0.0, 'std': 0.0, 'min': 0.0, '25%': 0.0, '50%': 0.0, '75%': 0.0, 'max': 0.0}","{'count': 458.0, 'mean': 0.0083498492, 'std': 0.0013273314, 'min': 0.006528423, '25%': 0.0072167312, '50%': 0.0078117639, '75%': 0.0099275526, 'max': 0.0112795328}","{'count': 458.0, 'mean': 0.0083570016, 'std': 0.0013285757, 'min': 0.0065338512, '25%': 0.0072194145, '50%': 0.0078118411, '75%': 0.0099367901, 'max': 0.0113053849}","{'count': 458.0, 'mean': 0.7197701134, 'std': 0.0908981982, 'min': 0.4967466102, '25%': 0.6139417213, '50%': 0.7601800018, '75%': 0.7963616179, 'max': 0.8323904238}","{'count': 458.0, 'mean': 273.3799126638, 'std': 88.3952221943, 'min': 163.0, '25%': 199.0, '50%': 233.0, '75%': 377.0, 'max': 488.0}",29.0,42.0,284,371,0.9345514706
25,swebench-lite,300,75,5550,1944,"{'count': 75.0, 'mean': 0.0248370826, 'std': 0.006299405, 'min': 0.0, '25%': 0.0248878968, '50%': 0.0267803134, '75%': 0.0283221947, 'max': 0.0288617394}","{'count': 75.0, 'mean': 0.0248370826, 'std': 0.006299405, 'min': 0.0, '25%': 0.0248878968, '50%': 0.0267803134, '75%': 0.0283221947, 'max': 0.0288617394}","{'count': 75.0, 'mean': 0.0, 'std': 0.0, 'min': 0.0, '25%': 0.0, '50%': 0.0, '75%': 0.0, 'max': 0.0}","{'count': 1944.0, 'mean': 0.0257439432, 'std': 0.003457889, 'min': 0.0033277731, '25%': 0.0244191789, '50%': 0.0259554451, '75%': 0.0274947806, 'max': 0.033868482}","{'count': 1944.0, 'mean': 0.0, 'std': 0.0, 'min': 0.0, '25%': 0.0, '50%': 0.0, '75%': 0.0, 'max': 0.0}","{'count': 1944.0, 'mean': 0.0257439432, 'std': 0.003457889, 'min': 0.0033277731, '25%': 0.0244191789, '50%': 0.0259554451, '75%': 0.0274947806, 'max': 0.033868482}","{'count': 1944.0, 'mean': 0.0258799143, 'std': 0.0034777821, 'min': 0.0033333333, '25%': 0.0244948974, '50%': 0.0260341656, '75%': 0.0276887462, 'max': 0.0341565026}","{'count': 1934.0, 'mean': 0.5151410016, 'std': 0.1050145818, 'min': -0.0247408643, '25%': 0.4529213931, '50%': 0.5153208508, '75%': 0.5818272365, 'max': 0.9641030609}","{'count': 1944.0, 'mean': 61.3672839506, 'std': 14.1853722557, 'min': 1.0, '25%': 54.0, '50%': 61.0, '75%': 69.0, 'max': 105.0}",7.0,20.0,44,2,
