,benchmark_id,size,models,total_pairs,close_pairs,no_solve,tau-,SE(A),SE_x(A),SE_pred(A),SE(A-B),SE_x(A-B),SE_pred(A-B),SE_signtest,"corr(A,B)",sum(A!=B),sig_noise
0,mbpp+,378,59,1590,1590,36,22,"{'count': 59.0, 'mean': 0.024984209, 'std': 0.0007773278, 'min': 0.0225400229, '25%': 0.0246042206, '50%': 0.0252463893, '75%': 0.0255936362, 'max': 0.025717225}","{'count': 59.0, 'mean': 0.024984209, 'std': 0.0007773278, 'min': 0.0225400229, '25%': 0.0246042206, '50%': 0.0252463893, '75%': 0.0255936362, 'max': 0.025717225}","{'count': 59.0, 'mean': 0.0, 'std': 0.0, 'min': 0.0, '25%': 0.0, '50%': 0.0, '75%': 0.0, 'max': 0.0}","{'count': 1590.0, 'mean': 0.0238013961, 'std': 0.0022535779, 'min': 0.0166762066, '25%': 0.0221284251, '50%': 0.0237218789, '75%': 0.0253407265, 'max': 0.0297629545}","{'count': 1590.0, 'mean': 0.0238013961, 'std': 0.0022535779, 'min': 0.0166762066, '25%': 0.0221284251, '50%': 0.0237218789, '75%': 0.0253407265, 'max': 0.0297629545}","{'count': 1590.0, 'mean': 0.0, 'std': 0.0, 'min': 0.0, '25%': 0.0, '50%': 0.0, '75%': 0.0, 'max': 0.0}","{'count': 1590.0, 'mean': 0.023978896, 'std': 0.0022731267, 'min': 0.0167316278, '25%': 0.0222914015, '50%': 0.0239560453, '75%': 0.0255123036, 'max': 0.030163371}","{'count': 1590.0, 'mean': 0.5474568687, 'std': 0.0756088514, 'min': 0.2815602715, '25%': 0.5016011424, '50%': 0.5549805414, '75%': 0.6009528402, 'max': 0.7874742398}","{'count': 1590.0, 'mean': 82.8943396226, 'std': 15.6049049319, 'min': 40.0, '25%': 71.0, '50%': 82.0, '75%': 93.0, 'max': 130.0}",
1,tqa,11313,36,394,62,1338,323,"{'count': 36.0, 'mean': 0.004322902, 'std': 0.0004202466, 'min': 0.0031289151, '25%': 0.0041515075, '50%': 0.0044716149, '75%': 0.0046292799, 'max': 0.0047007137}","{'count': 36.0, 'mean': 0.004322902, 'std': 0.0004202466, 'min': 0.0031289151, '25%': 0.0041515075, '50%': 0.0044716149, '75%': 0.0046292799, 'max': 0.0047007137}","{'count': 36.0, 'mean': 0.0, 'std': 0.0, 'min': 0.0, '25%': 0.0, '50%': 0.0, '75%': 0.0, 'max': 0.0}","{'count': 62.0, 'mean': 0.0035095381, 'std': 0.00045745, 'min': 0.0026319702, '25%': 0.0030815838, '50%': 0.0035714409, '75%': 0.0039463768, 'max': 0.0041222991}","{'count': 62.0, 'mean': 0.0035095381, 'std': 0.00045745, 'min': 0.0026319702, '25%': 0.0030815838, '50%': 0.0035714409, '75%': 0.0039463768, 'max': 0.0041222991}","{'count': 62.0, 'mean': 0.0, 'std': 0.0, 'min': 0.0, '25%': 0.0, '50%': 0.0, '75%': 0.0, 'max': 0.0}","{'count': 62.0, 'mean': 0.0035108782, 'std': 0.0004576328, 'min': 0.0026325948, '25%': 0.0030823699, '50%': 0.0035731252, '75%': 0.0039496072, 'max': 0.0041243112}","{'count': 62.0, 'mean': 0.6736037588, 'std': 0.063972904, 'min': 0.4951073613, '25%': 0.6384190401, '50%': 0.6692987373, '75%': 0.7315951692, 'max': 0.7764967587}","{'count': 62.0, 'mean': 1603.935483871, 'std': 402.8218444826, 'min': 887.0, '25%': 1216.25, '50%': 1634.0, '75%': 1996.5, 'max': 2177.0}",
2,CRUXEval-input-T0.8,800,31,474,449,17,81,"{'count': 31.0, 'mean': 0.0163341239, 'std': 0.0013511644, 'min': 0.0117326468, '25%': 0.0156886724, '50%': 0.0165971754, '75%': 0.0173103231, 'max': 0.0176110267}","{'count': 31.0, 'mean': 0.0123608277, 'std': 0.0014696773, 'min': 0.0086468744, '25%': 0.0115389853, '50%': 0.0122391502, '75%': 0.0133972707, 'max': 0.0148860253}","{'count': 31.0, 'mean': 0.0105648842, 'std': 0.0014636769, 'min': 0.0063418254, '25%': 0.0098553914, '50%': 0.0107194333, '75%': 0.011328879, 'max': 0.0130048068}","{'count': 449.0, 'mean': 0.0184661028, 'std': 0.0010235109, 'min': 0.0136386285, '25%': 0.0179458991, '50%': 0.018477554, '75%': 0.019221667, 'max': 0.0207674771}","{'count': 449.0, 'mean': 0.0099063817, 'std': 0.001208605, 'min': 0.0069183632, '25%': 0.0090907061, '50%': 0.0099345269, '75%': 0.0108124268, 'max': 0.0129948036}","{'count': 449.0, 'mean': 0.0155328488, 'std': 0.0010869972, 'min': 0.0115704365, '25%': 0.0148266019, '50%': 0.0154934462, '75%': 0.016187862, 'max': 0.0183298766}","{'count': 449.0, 'mean': 0.018562467, 'std': 0.0010422666, 'min': 0.0136930639, '25%': 0.0181021408, '50%': 0.0185463945, '75%': 0.0192775776, 'max': 0.0209321822}","{'count': 449.0, 'mean': 0.6882466554, 'std': 0.0627070937, 'min': 0.4836520959, '25%': 0.6537107584, '50%': 0.688253371, '75%': 0.7294735907, 'max': 0.8662101355}","{'count': 449.0, 'mean': 221.2154120267, 'std': 24.4018093477, 'min': 120.0, '25%': 209.72, '50%': 220.14, '75%': 237.84, 'max': 280.42}",2.1104525915
3,arc_challenge,1165,38,686,464,165,130,"{'count': 38.0, 'mean': 0.0143310724, 'std': 0.0004187778, 'min': 0.0130388314, '25%': 0.0142519907, '50%': 0.0145078516, '75%': 0.0145964779, 'max': 0.0146489198}","{'count': 38.0, 'mean': 0.0143310724, 'std': 0.0004187778, 'min': 0.0130388314, '25%': 0.0142519907, '50%': 0.0145078516, '75%': 0.0145964779, 'max': 0.0146489198}","{'count': 38.0, 'mean': 0.0, 'std': 0.0, 'min': 0.0, '25%': 0.0, '50%': 0.0, '75%': 0.0, 'max': 0.0}","{'count': 464.0, 'mean': 0.0126329306, 'std': 0.0009937213, 'min': 0.0104406937, '25%': 0.0118590707, '50%': 0.012528317, '75%': 0.0135077928, 'max': 0.0149907507}","{'count': 464.0, 'mean': 0.0126329306, 'std': 0.0009937213, 'min': 0.0104406937, '25%': 0.0118590707, '50%': 0.012528317, '75%': 0.0135077928, 'max': 0.0149907507}","{'count': 464.0, 'mean': 0.0, 'std': 0.0, 'min': 0.0, '25%': 0.0, '50%': 0.0, '75%': 0.0, 'max': 0.0}","{'count': 464.0, 'mean': 0.012680962, 'std': 0.00099772, 'min': 0.0104777301, '25%': 0.011862897, '50%': 0.0126007797, '75%': 0.0135448359, 'max': 0.0149907718}","{'count': 464.0, 'mean': 0.6163211675, 'std': 0.0586734739, 'min': 0.4763897649, '25%': 0.5629367468, '50%': 0.6234708429, '75%': 0.6667039174, 'max': 0.7267460057}","{'count': 464.0, 'mean': 219.599137931, 'std': 34.4154342684, 'min': 149.0, '25%': 191.0, '50%': 215.5, '75%': 249.0, 'max': 305.0}",
4,humaneval+,164,49,922,922,7,3,"{'count': 49.0, 'mean': 0.0371062923, 'std': 0.0017098202, 'min': 0.032639008, '25%': 0.0357421924, '50%': 0.0374761426, '75%': 0.0386905476, 'max': 0.0390434405}","{'count': 49.0, 'mean': 0.0371062923, 'std': 0.0017098202, 'min': 0.032639008, '25%': 0.0357421924, '50%': 0.0374761426, '75%': 0.0386905476, 'max': 0.0390434405}","{'count': 49.0, 'mean': 0.0, 'std': 0.0, 'min': 0.0, '25%': 0.0, '50%': 0.0, '75%': 0.0, 'max': 0.0}","{'count': 922.0, 'mean': 0.0384263318, 'std': 0.0039854273, 'min': 0.0285802721, '25%': 0.0356914132, '50%': 0.0380762792, '75%': 0.0404326285, 'max': 0.0497013031}","{'count': 922.0, 'mean': 0.0384263318, 'std': 0.0039854273, 'min': 0.0285802721, '25%': 0.0356914132, '50%': 0.0380762792, '75%': 0.0404326285, 'max': 0.0497013031}","{'count': 922.0, 'mean': 0.0, 'std': 0.0, 'min': 0.0, '25%': 0.0, '50%': 0.0, '75%': 0.0, 'max': 0.0}","{'count': 922.0, 'mean': 0.0386775265, 'std': 0.0039944385, 'min': 0.0292428751, '25%': 0.0360736572, '50%': 0.0385643617, '75%': 0.0409036825, 'max': 0.0502817759}","{'count': 922.0, 'mean': 0.4602284276, 'std': 0.0909821817, 'min': 0.1560994914, '25%': 0.4156683665, '50%': 0.4721921646, '75%': 0.5183577728, 'max': 0.7251297684}","{'count': 922.0, 'mean': 40.6637744035, 'std': 8.5066091738, 'min': 23.0, '25%': 35.0, '50%': 40.0, '75%': 45.0, 'max': 68.0}",0.5029900629
5,lcb_codegen_v6,1055,33,410,257,36,13,"{'count': 33.0, 'mean': 0.0133355575, 'std': 0.0015429237, 'min': 0.0102518803, '25%': 0.0121078277, '50%': 0.0132675749, '75%': 0.0148902942, 'max': 0.0153931158}","{'count': 33.0, 'mean': 0.0130483221, 'std': 0.0016162466, 'min': 0.0097245047, '25%': 0.0119505486, '50%': 0.0132675749, '75%': 0.0142974801, 'max': 0.0152921452}","{'count': 33.0, 'mean': 0.0014023027, 'std': 0.002357046, 'min': 0.0, '25%': 0.0, '50%': 0.0, '75%': 0.0035881504, 'max': 0.0061887823}","{'count': 257.0, 'mean': 0.0110241702, 'std': 0.001354157, 'min': 0.0086978301, '25%': 0.0098646078, '50%': 0.0108213672, '75%': 0.011800528, 'max': 0.0153050809}","{'count': 257.0, 'mean': 0.010355663, 'std': 0.0018878309, 'min': 0.0045907333, '25%': 0.0090416539, '50%': 0.0106079604, '75%': 0.0115871482, 'max': 0.0144076172}","{'count': 257.0, 'mean': 0.0020450927, 'std': 0.0029016368, 'min': 0.0, '25%': 0.0, '50%': 0.0, '75%': 0.0055220897, 'max': 0.0083143956}","{'count': 257.0, 'mean': 0.0110716127, 'std': 0.0013649435, 'min': 0.0087389047, '25%': 0.0099277505, '50%': 0.010931339, '75%': 0.0118767432, 'max': 0.015453435}","{'count': 257.0, 'mean': 0.6539440725, 'std': 0.0877884888, 'min': 0.4619645011, '25%': 0.5910296556, '50%': 0.6477187562, '75%': 0.720309124, 'max': 0.9063189407}","{'count': 257.0, 'mean': 138.5008560311, 'std': 35.2788244855, 'min': 85.0, '25%': 109.7, '50%': 133.0, '75%': 157.0, 'max': 265.8}",
6,agi_english,2546,35,440,246,25,522,"{'count': 35.0, 'mean': 0.0093273253, 'std': 0.0005644642, 'min': 0.0082091093, '25%': 0.0090395384, '50%': 0.0094402459, '75%': 0.0098392789, 'max': 0.0099090028}","{'count': 35.0, 'mean': 0.0093273253, 'std': 0.0005644642, 'min': 0.0082091093, '25%': 0.0090395384, '50%': 0.0094402459, '75%': 0.0098392789, 'max': 0.0099090028}","{'count': 35.0, 'mean': 0.0, 'std': 0.0, 'min': 0.0, '25%': 0.0, '50%': 0.0, '75%': 0.0, 'max': 0.0}","{'count': 246.0, 'mean': 0.0111277334, 'std': 0.0008132117, 'min': 0.0086764466, '25%': 0.0105799692, '50%': 0.0111269798, '75%': 0.0117274417, 'max': 0.0129718309}","{'count': 246.0, 'mean': 0.0111277334, 'std': 0.0008132117, 'min': 0.0086764466, '25%': 0.0105799692, '50%': 0.0111269798, '75%': 0.0117274417, 'max': 0.0129718309}","{'count': 246.0, 'mean': 0.0, 'std': 0.0, 'min': 0.0, '25%': 0.0, '50%': 0.0, '75%': 0.0, 'max': 0.0}","{'count': 246.0, 'mean': 0.0111442513, 'std': 0.0008160715, 'min': 0.0086855241, '25%': 0.010586669, '50%': 0.0111301079, '75%': 0.0117520506, 'max': 0.013014958}","{'count': 246.0, 'mean': 0.2541784589, 'std': 0.1715307143, 'min': -0.1576258479, '25%': 0.1348880899, '50%': 0.2541719595, '75%': 0.4156431979, 'max': 0.5827067037}","{'count': 246.0, 'mean': 809.3414634146, 'std': 116.7395027326, 'min': 489.0, '25%': 726.5, '50%': 803.0, '75%': 895.25, 'max': 1098.0}",
7,lcb_codegen_v5,880,24,158,111,56,10,"{'count': 24.0, 'mean': 0.0152927985, 'std': 0.0015586791, 'min': 0.0116889765, '25%': 0.0139855424, '50%': 0.0161253924, '75%': 0.016659328, 'max': 0.0168505554}","{'count': 24.0, 'mean': 0.0145555641, 'std': 0.0016408141, 'min': 0.0113548772, '25%': 0.0137932988, '50%': 0.0150564779, '75%': 0.0158809358, 'max': 0.0167501538}","{'count': 24.0, 'mean': 0.0033025624, 'std': 0.0033642337, 'min': 0.0, '25%': 0.0, '50%': 0.0035187227, '75%': 0.0060505766, 'max': 0.0091334233}","{'count': 111.0, 'mean': 0.0134968307, 'std': 0.0018485579, 'min': 0.0099254565, '25%': 0.0119815326, '50%': 0.0137657345, '75%': 0.0150281313, 'max': 0.017253717}","{'count': 111.0, 'mean': 0.0119492773, 'std': 0.0021075617, 'min': 0.0049689101, '25%': 0.0103500072, '50%': 0.012206932, '75%': 0.0135770059, 'max': 0.0154519911}","{'count': 111.0, 'mean': 0.0049849755, 'std': 0.0036927851, 'min': 0.0, '25%': 0.0, '50%': 0.0065209849, '75%': 0.0075820817, 'max': 0.0116691875}","{'count': 111.0, 'mean': 0.0135647465, 'std': 0.0018626179, 'min': 0.0099715504, '25%': 0.0120180789, '50%': 0.0138244603, '75%': 0.0150969511, 'max': 0.0173741044}","{'count': 111.0, 'mean': 0.6628767534, 'std': 0.0886404625, 'min': 0.490424554, '25%': 0.5925216011, '50%': 0.6710802675, '75%': 0.7234482175, 'max': 0.9164554044}","{'count': 111.0, 'mean': 145.1538738739, 'std': 39.0191308596, 'min': 77.0, '25%': 111.85, '50%': 148.0, '75%': 176.5, 'max': 233.76}",
8,humaneval,164,78,1630,1630,6,2,"{'count': 78.0, 'mean': 0.0354899624, 'std': 0.0035029214, 'min': 0.0249916557, '25%': 0.0335332052, '50%': 0.0365202425, '75%': 0.0386231041, 'max': 0.0390405371}","{'count': 78.0, 'mean': 0.0354899624, 'std': 0.0035029214, 'min': 0.0249916557, '25%': 0.0335332052, '50%': 0.0365202425, '75%': 0.0386231041, 'max': 0.0390405371}","{'count': 78.0, 'mean': 0.0, 'std': 0.0, 'min': 0.0, '25%': 0.0, '50%': 0.0, '75%': 0.0, 'max': 0.0}","{'count': 1630.0, 'mean': 0.0371909939, 'std': 0.0055838425, 'min': 0.0182368273, '25%': 0.0342919634, '50%': 0.0375396078, '75%': 0.0406709258, 'max': 0.0498902431}","{'count': 1630.0, 'mean': 0.0371909939, 'std': 0.0055838425, 'min': 0.0182368273, '25%': 0.0342919634, '50%': 0.0375396078, '75%': 0.0406709258, 'max': 0.0498902431}","{'count': 1630.0, 'mean': 0.0, 'std': 0.0, 'min': 0.0, '25%': 0.0, '50%': 0.0, '75%': 0.0, 'max': 0.0}","{'count': 1630.0, 'mean': 0.0374483372, 'std': 0.0055654189, 'min': 0.0182926829, '25%': 0.0344930137, '50%': 0.0380792561, '75%': 0.0409036825, 'max': 0.0499106876}","{'count': 1630.0, 'mean': 0.4664423757, 'std': 0.1082621501, 'min': 0.1586678363, '25%': 0.4042225918, '50%': 0.461111602, '75%': 0.5296723097, 'max': 0.8053425302}","{'count': 1630.0, 'mean': 38.5509202454, 'std': 10.8312371855, 'min': 9.0, '25%': 32.0, '50%': 39.0, '75%': 45.0, 'max': 67.0}",
9,CRUXEval-output-T0.2,800,37,564,472,24,30,"{'count': 37.0, 'mean': 0.0166617657, 'std': 0.0010909661, 'min': 0.013570794, '25%': 0.0163497892, '50%': 0.0169602108, '75%': 0.0174134461, 'max': 0.0176776342}","{'count': 37.0, 'mean': 0.0155773788, 'std': 0.0014890679, 'min': 0.0118496074, '25%': 0.0149618258, '50%': 0.0160810836, '75%': 0.0166791125, 'max': 0.0172174688}","{'count': 37.0, 'mean': 0.005369456, 'std': 0.0022960344, 'min': 0.0, '25%': 0.0045910919, '50%': 0.0051690183, '75%': 0.0056747797, 'max': 0.0107011974}","{'count': 472.0, 'mean': 0.0158701853, 'std': 0.0015165102, 'min': 0.0110151848, '25%': 0.0150650646, '50%': 0.0156717401, '75%': 0.016705818, 'max': 0.0192044917}","{'count': 472.0, 'mean': 0.0134449073, 'std': 0.0012645296, 'min': 0.0082469502, '25%': 0.0129313086, '50%': 0.0135777384, '75%': 0.0142312619, 'max': 0.0163564821}","{'count': 472.0, 'mean': 0.0082180193, 'std': 0.0020663342, 'min': 0.0028867513, '25%': 0.007058904, '50%': 0.0075322153, '75%': 0.0081470854, 'max': 0.0149572307}","{'count': 472.0, 'mean': 0.0159563766, 'std': 0.0015398641, 'min': 0.0110283725, '25%': 0.0151265495, '50%': 0.0157539678, '75%': 0.0169050658, 'max': 0.0194382034}","{'count': 472.0, 'mean': 0.6371293981, 'std': 0.0808405499, 'min': 0.3559945591, '25%': 0.5977097144, '50%': 0.6400892699, '75%': 0.678105622, 'max': 0.8780501958}","{'count': 472.0, 'mean': 164.4621516007, 'std': 31.1174606698, 'min': 77.84, '25%': 146.44, '50%': 158.84, '75%': 182.9, 'max': 241.82}",2.7295344255
10,CRUXEval-output-T0.8,800,31,492,420,35,55,"{'count': 31.0, 'mean': 0.0166564483, 'std': 0.0009546914, 'min': 0.0139565278, '25%': 0.016189133, '50%': 0.0169998799, '75%': 0.0173832649, 'max': 0.0176686162}","{'count': 31.0, 'mean': 0.0139328459, 'std': 0.0013441807, 'min': 0.0112490963, '25%': 0.0132029203, '50%': 0.0141580028, '75%': 0.015049102, 'max': 0.0158414976}","{'count': 31.0, 'mean': 0.0089873129, 'std': 0.0013155248, 'min': 0.005, '25%': 0.0082917116, '50%': 0.0090407066, '75%': 0.0093013575, 'max': 0.0119706673}","{'count': 420.0, 'mean': 0.0164165639, 'std': 0.0009980545, 'min': 0.0132603468, '25%': 0.0159128388, '50%': 0.0162177164, '75%': 0.0169889112, 'max': 0.0191108357}","{'count': 420.0, 'mean': 0.0098444573, 'std': 0.0011783806, 'min': 0.0065674148, '25%': 0.0091838811, '50%': 0.009856787, '75%': 0.0105850576, 'max': 0.012695557}","{'count': 420.0, 'mean': 0.0130743857, 'std': 0.0011234508, 'min': 0.0110743228, '25%': 0.0122563746, '50%': 0.0128379321, '75%': 0.0134012593, 'max': 0.0168777775}","{'count': 420.0, 'mean': 0.0165042462, 'std': 0.0010217102, 'min': 0.013273564, '25%': 0.015964805, '50%': 0.0163511276, '75%': 0.0171003419, 'max': 0.0191833261}","{'count': 420.0, 'mean': 0.7529689425, 'std': 0.0573874793, 'min': 0.5570823581, '25%': 0.7276984787, '50%': 0.7557246951, '75%': 0.7868855088, 'max': 0.908630504}","{'count': 420.0, 'mean': 174.9961904762, 'std': 21.7081963286, 'min': 112.76, '25%': 163.12, '50%': 171.11, '75%': 187.15, 'max': 235.52}",2.5719947935
11,siqa,1954,36,1120,740,284,371,"{'count': 36.0, 'mean': 0.0112646321, 'std': 0.0001054539, 'min': 0.0106992237, '25%': 0.0112711931, '50%': 0.0112977855, '75%': 0.0113078314, 'max': 0.0113111751}","{'count': 36.0, 'mean': 0.0112646321, 'std': 0.0001054539, 'min': 0.0106992237, '25%': 0.0112711931, '50%': 0.0112977855, '75%': 0.0113078314, 'max': 0.0113111751}","{'count': 36.0, 'mean': 0.0, 'std': 0.0, 'min': 0.0, '25%': 0.0, '50%': 0.0, '75%': 0.0, 'max': 0.0}","{'count': 740.0, 'mean': 0.0085573431, 'std': 0.0013514273, 'min': 0.006528423, '25%': 0.0073663199, '50%': 0.0081088203, '75%': 0.0099939137, 'max': 0.0116380392}","{'count': 740.0, 'mean': 0.0085573431, 'std': 0.0013514273, 'min': 0.006528423, '25%': 0.0073663199, '50%': 0.0081088203, '75%': 0.0099939137, 'max': 0.0116380392}","{'count': 740.0, 'mean': 0.0, 'std': 0.0, 'min': 0.0, '25%': 0.0, '50%': 0.0, '75%': 0.0, 'max': 0.0}","{'count': 740.0, 'mean': 0.008576274, 'std': 0.0013578609, 'min': 0.0065338512, '25%': 0.0073808624, '50%': 0.0081402117, '75%': 0.0100286172, 'max': 0.0117037836}","{'count': 740.0, 'mean': 0.7056149136, 'std': 0.094401029, 'min': 0.4653812946, '25%': 0.6070337303, '50%': 0.7415068972, '75%': 0.7873825253, 'max': 0.8323904238}","{'count': 740.0, 'mean': 287.8621621622, 'std': 92.1255830859, 'min': 163.0, '25%': 208.0, '50%': 253.0, '75%': 384.0, 'max': 523.0}",0.9345514706
12,DS1000,1000,105,4324,2964,112,12,"{'count': 105.0, 'mean': 0.0132645045, 'std': 0.0026965607, 'min': 0.0059691708, '25%': 0.0120961151, '50%': 0.0143638087, '75%': 0.0153949342, 'max': 0.0158082257}","{'count': 105.0, 'mean': 0.0132645045, 'std': 0.0026965607, 'min': 0.0059691708, '25%': 0.0120961151, '50%': 0.0143638087, '75%': 0.0153949342, 'max': 0.0158082257}","{'count': 105.0, 'mean': 0.0, 'std': 0.0, 'min': 0.0, '25%': 0.0, '50%': 0.0, '75%': 0.0, 'max': 0.0}","{'count': 2964.0, 'mean': 0.014937823, 'std': 0.0013573529, 'min': 0.009432709, '25%': 0.0140096752, '50%': 0.0150421237, '75%': 0.0159091169, 'max': 0.018751}","{'count': 2964.0, 'mean': 0.014937823, 'std': 0.0013573529, 'min': 0.009432709, '25%': 0.0140096752, '50%': 0.0150421237, '75%': 0.0159091169, 'max': 0.018751}","{'count': 2964.0, 'mean': 0.0, 'std': 0.0, 'min': 0.0, '25%': 0.0, '50%': 0.0, '75%': 0.0, 'max': 0.0}","{'count': 2964.0, 'mean': 0.0150026447, 'std': 0.0013669856, 'min': 0.009486833, '25%': 0.0140712473, '50%': 0.0150996689, '75%': 0.016, 'max': 0.018761663}","{'count': 2964.0, 'mean': 0.455659358, 'std': 0.0880462658, 'min': 0.1222540302, '25%': 0.4016788408, '50%': 0.4633103344, '75%': 0.5197595216, 'max': 0.7388270412}","{'count': 2964.0, 'mean': 226.9473684211, 'std': 40.478757359, 'min': 90.0, '25%': 198.0, '50%': 228.0, '75%': 256.0, 'max': 352.0}",
13,swebench-lite,300,84,2790,2754,35,5,"{'count': 84.0, 'mean': 0.0254808268, 'std': 0.0054000139, 'min': 0.0033277731, '25%': 0.0253492169, '50%': 0.0272486663, '75%': 0.0284637521, 'max': 0.028866872}","{'count': 84.0, 'mean': 0.0254808268, 'std': 0.0054000139, 'min': 0.0033277731, '25%': 0.0253492169, '50%': 0.0272486663, '75%': 0.0284637521, 'max': 0.028866872}","{'count': 84.0, 'mean': 0.0, 'std': 0.0, 'min': 0.0, '25%': 0.0, '50%': 0.0, '75%': 0.0, 'max': 0.0}","{'count': 2754.0, 'mean': 0.0259167001, 'std': 0.0025487691, 'min': 0.0066220731, '25%': 0.0243005868, '50%': 0.0257940562, '75%': 0.0273901848, 'max': 0.0340647532}","{'count': 2754.0, 'mean': 0.0259167001, 'std': 0.0025487691, 'min': 0.0066220731, '25%': 0.0243005868, '50%': 0.0257940562, '75%': 0.0273901848, 'max': 0.0340647532}","{'count': 2754.0, 'mean': 0.0, 'std': 0.0, 'min': 0.0, '25%': 0.0, '50%': 0.0, '75%': 0.0, 'max': 0.0}","{'count': 2754.0, 'mean': 0.0261239759, 'std': 0.0025530177, 'min': 0.0066666667, '25%': 0.0244948974, '50%': 0.0260341656, '75%': 0.0276887462, 'max': 0.0341565026}","{'count': 2754.0, 'mean': 0.5309430139, 'std': 0.0957000043, 'min': 0.1655296262, '25%': 0.466448056, '50%': 0.5299626173, '75%': 0.5981201973, 'max': 0.9641030609}","{'count': 2754.0, 'mean': 62.0079883805, 'std': 11.9709938856, 'min': 4.0, '25%': 54.0, '50%': 61.0, '75%': 69.0, 'max': 105.0}",
14,nq,3610,36,514,136,1138,200,"{'count': 36.0, 'mean': 0.0067384034, 'std': 0.0015344451, 'min': 0.0025091117, '25%': 0.0061856844, '50%': 0.0072490565, '75%': 0.0078653714, 'max': 0.0083195302}","{'count': 36.0, 'mean': 0.0067384034, 'std': 0.0015344451, 'min': 0.0025091117, '25%': 0.0061856844, '50%': 0.0072490565, '75%': 0.0078653714, 'max': 0.0083195302}","{'count': 36.0, 'mean': 0.0, 'std': 0.0, 'min': 0.0, '25%': 0.0, '50%': 0.0, '75%': 0.0, 'max': 0.0}","{'count': 136.0, 'mean': 0.0064486067, 'std': 0.0003718355, 'min': 0.0049627528, '25%': 0.0062263371, '50%': 0.0064939703, '75%': 0.0066875174, 'max': 0.0071745106}","{'count': 136.0, 'mean': 0.0064486067, 'std': 0.0003718355, 'min': 0.0049627528, '25%': 0.0062263371, '50%': 0.0064939703, '75%': 0.0066875174, 'max': 0.0071745106}","{'count': 136.0, 'mean': 0.0, 'std': 0.0, 'min': 0.0, '25%': 0.0, '50%': 0.0, '75%': 0.0, 'max': 0.0}","{'count': 136.0, 'mean': 0.0064561575, 'std': 0.0003741692, 'min': 0.0049630119, '25%': 0.0062296078, '50%': 0.0064993723, '75%': 0.0066942083, 'max': 0.007196887}","{'count': 136.0, 'mean': 0.6040763491, 'std': 0.0649916952, 'min': 0.4792052222, '25%': 0.5567410943, '50%': 0.5944543654, '75%': 0.6389505663, 'max': 0.7389366816}","{'count': 136.0, 'mean': 545.0147058824, 'std': 61.4348176458, 'min': 321.0, '25%': 505.75, '50%': 550.5, '75%': 584.0, 'max': 675.0}",
15,hellaswag,10042,36,772,124,613,160,"{'count': 36.0, 'mean': 0.0040678331, 'std': 0.0005104033, 'min': 0.0031644608, '25%': 0.0036374767, '50%': 0.0039781823, '75%': 0.0043541792, 'max': 0.0049893666}","{'count': 36.0, 'mean': 0.0040678331, 'std': 0.0005104033, 'min': 0.0031644608, '25%': 0.0036374767, '50%': 0.0039781823, '75%': 0.0043541792, 'max': 0.0049893666}","{'count': 36.0, 'mean': 0.0, 'std': 0.0, 'min': 0.0, '25%': 0.0, '50%': 0.0, '75%': 0.0, 'max': 0.0}","{'count': 124.0, 'mean': 0.0026198954, 'std': 0.0003663594, 'min': 0.0020503773, '25%': 0.0023228419, '50%': 0.0025424913, '75%': 0.0028937352, 'max': 0.0034667819}","{'count': 124.0, 'mean': 0.0026198954, 'std': 0.0003663594, 'min': 0.0020503773, '25%': 0.0023228419, '50%': 0.0025424913, '75%': 0.0028937352, 'max': 0.0034667819}","{'count': 124.0, 'mean': 0.0, 'std': 0.0, 'min': 0.0, '25%': 0.0, '50%': 0.0, '75%': 0.0, 'max': 0.0}","{'count': 124.0, 'mean': 0.0026208533, 'std': 0.0003663847, 'min': 0.0020529305, '25%': 0.0023247595, '50%': 0.0025427488, '75%': 0.0028964429, 'max': 0.0034668184}","{'count': 124.0, 'mean': 0.7713495398, 'std': 0.0375562462, 'min': 0.692699825, '25%': 0.7514512501, '50%': 0.7877064434, '75%': 0.8022267395, 'max': 0.824678221}","{'count': 124.0, 'mean': 706.0967741935, 'std': 199.4792170585, 'min': 425.0, '25%': 545.0, '50%': 652.0, '75%': 846.0, 'max': 1212.0}",6.4092752948
16,swebench-verified,500,123,4440,4278,37,12,"{'count': 123.0, 'mean': 0.0203637017, 'std': 0.003444479, 'min': 0.0028227646, '25%': 0.0201873207, '50%': 0.0215427018, '75%': 0.0221142447, 'max': 0.0223606798}","{'count': 123.0, 'mean': 0.0203637017, 'std': 0.003444479, 'min': 0.0028227646, '25%': 0.0201873207, '50%': 0.0215427018, '75%': 0.0221142447, 'max': 0.0223606798}","{'count': 123.0, 'mean': 0.0, 'std': 0.0, 'min': 0.0, '25%': 0.0, '50%': 0.0, '75%': 0.0, 'max': 0.0}","{'count': 4278.0, 'mean': 0.0194661007, 'std': 0.0022513802, 'min': 0.0071167408, '25%': 0.0178312086, '50%': 0.0198754119, '75%': 0.0211627503, 'max': 0.0245053464}","{'count': 4278.0, 'mean': 0.0194661007, 'std': 0.0022513802, 'min': 0.0071167408, '25%': 0.0178312086, '50%': 0.0198754119, '75%': 0.0211627503, 'max': 0.0245053464}","{'count': 4278.0, 'mean': 0.0, 'std': 0.0, 'min': 0.0, '25%': 0.0, '50%': 0.0, '75%': 0.0, 'max': 0.0}","{'count': 4278.0, 'mean': 0.019619432, 'std': 0.0022724838, 'min': 0.0072111026, '25%': 0.018, '50%': 0.02, '75%': 0.0213541565, 'max': 0.0248193473}","{'count': 4278.0, 'mean': 0.5824996432, 'std': 0.081595528, 'min': 0.1905943939, '25%': 0.5280517065, '50%': 0.583521318, '75%': 0.6406325522, 'max': 0.9415068299}","{'count': 4278.0, 'mean': 97.5212716223, 'std': 21.6432462033, 'min': 13.0, '25%': 81.0, '50%': 100.0, '75%': 114.0, 'max': 154.0}",
17,gsm8k,1319,37,272,136,28,7,"{'count': 37.0, 'mean': 0.0106782515, 'std': 0.0030771219, 'min': 0.0038275312, '25%': 0.0095830606, '50%': 0.0113609227, '75%': 0.0132992234, 'max': 0.0137655179}","{'count': 37.0, 'mean': 0.0106782515, 'std': 0.0030771219, 'min': 0.0038275312, '25%': 0.0095830606, '50%': 0.0113609227, '75%': 0.0132992234, 'max': 0.0137655179}","{'count': 37.0, 'mean': 0.0, 'std': 0.0, 'min': 0.0, '25%': 0.0, '50%': 0.0, '75%': 0.0, 'max': 0.0}","{'count': 136.0, 'mean': 0.0134580636, 'std': 0.001401593, 'min': 0.0101715655, '25%': 0.0123857036, '50%': 0.013408476, '75%': 0.0148073123, 'max': 0.0154310721}","{'count': 136.0, 'mean': 0.0134580636, 'std': 0.001401593, 'min': 0.0101715655, '25%': 0.0123857036, '50%': 0.013408476, '75%': 0.0148073123, 'max': 0.0154310721}","{'count': 136.0, 'mean': 0.0, 'std': 0.0, 'min': 0.0, '25%': 0.0, '50%': 0.0, '75%': 0.0, 'max': 0.0}","{'count': 136.0, 'mean': 0.0134964524, 'std': 0.0014039531, 'min': 0.0101716511, '25%': 0.0123940366, '50%': 0.013445108, '75%': 0.0148808062, 'max': 0.0155189458}","{'count': 136.0, 'mean': 0.3753402113, 'std': 0.054794477, 'min': 0.2465602242, '25%': 0.3444362877, '50%': 0.3857079388, '75%': 0.4043873223, 'max': 0.4976545149}","{'count': 136.0, 'mean': 320.3088235294, 'std': 64.7489184472, 'min': 180.0, '25%': 267.25, '50%': 314.5, '75%': 385.25, 'max': 419.0}",
18,mbpp,378,59,1408,1408,9,15,"{'count': 59.0, 'mean': 0.0236173489, 'std': 0.0022307465, 'min': 0.0158216089, '25%': 0.0223878241, '50%': 0.024386913, '75%': 0.0255086687, 'max': 0.025716865}","{'count': 59.0, 'mean': 0.0236173489, 'std': 0.0022307465, 'min': 0.0158216089, '25%': 0.0223878241, '50%': 0.024386913, '75%': 0.0255086687, 'max': 0.025716865}","{'count': 59.0, 'mean': 0.0, 'std': 0.0, 'min': 0.0, '25%': 0.0, '50%': 0.0, '75%': 0.0, 'max': 0.0}","{'count': 1408.0, 'mean': 0.0241099569, 'std': 0.0026943167, 'min': 0.0162875247, '25%': 0.0220265305, '50%': 0.0240310885, '75%': 0.0260732007, 'max': 0.0301191432}","{'count': 1408.0, 'mean': 0.0241099569, 'std': 0.0026943167, 'min': 0.0162875247, '25%': 0.0220265305, '50%': 0.0240310885, '75%': 0.0260732007, 'max': 0.0301191432}","{'count': 1408.0, 'mean': 0.0, 'std': 0.0, 'min': 0.0, '25%': 0.0, '50%': 0.0, '75%': 0.0, 'max': 0.0}","{'count': 1408.0, 'mean': 0.0242826393, 'std': 0.0026990248, 'min': 0.0163079736, '25%': 0.0221338631, '50%': 0.0242464322, '75%': 0.02618914, 'max': 0.0302791618}","{'count': 1408.0, 'mean': 0.4801914755, 'std': 0.0724535836, 'min': 0.2840253952, '25%': 0.4318760532, '50%': 0.4846915507, '75%': 0.5253864664, 'max': 0.7633972656}","{'count': 1408.0, 'mean': 85.2911931818, 'std': 18.7665607659, 'min': 38.0, '25%': 70.0, '50%': 84.0, '75%': 98.0, 'max': 131.0}",
19,piqa,1838,36,1118,682,98,154,"{'count': 36.0, 'mean': 0.0093192183, 'std': 0.0006542535, 'min': 0.0082318787, '25%': 0.0088230165, '50%': 0.0093244046, '75%': 0.0096673266, 'max': 0.0107413438}","{'count': 36.0, 'mean': 0.0093192183, 'std': 0.0006542535, 'min': 0.0082318787, '25%': 0.0088230165, '50%': 0.0093244046, '75%': 0.0096673266, 'max': 0.0107413438}","{'count': 36.0, 'mean': 0.0, 'std': 0.0, 'min': 0.0, '25%': 0.0, '50%': 0.0, '75%': 0.0, 'max': 0.0}","{'count': 682.0, 'mean': 0.0069924223, 'std': 0.0007204062, 'min': 0.005372542, '25%': 0.0064832014, '50%': 0.0068425809, '75%': 0.0074140082, 'max': 0.0095172979}","{'count': 682.0, 'mean': 0.0069924223, 'std': 0.0007204062, 'min': 0.005372542, '25%': 0.0064832014, '50%': 0.0068425809, '75%': 0.0074140082, 'max': 0.0095172979}","{'count': 682.0, 'mean': 0.0, 'std': 0.0, 'min': 0.0, '25%': 0.0, '50%': 0.0, '75%': 0.0, 'max': 0.0}","{'count': 682.0, 'mean': 0.0070095838, 'std': 0.0007247765, 'min': 0.0053860147, '25%': 0.0065061266, '50%': 0.0068604571, '75%': 0.0074400404, 'max': 0.0095173317}","{'count': 682.0, 'mean': 0.7100413808, 'std': 0.0466798064, 'min': 0.5908918748, '25%': 0.6841169532, '50%': 0.7189941146, '75%': 0.7440578992, 'max': 0.8078748452}","{'count': 682.0, 'mean': 167.7595307918, 'std': 35.6047102728, 'min': 98.0, '25%': 143.0, '50%': 159.0, '75%': 187.0, 'max': 306.0}",1.7583937928
20,CRUXEval-input-T0.2,800,37,516,480,19,80,"{'count': 37.0, 'mean': 0.0167116653, 'std': 0.0011713228, 'min': 0.011928904, '25%': 0.0162306225, '50%': 0.0170979165, '75%': 0.0175439843, 'max': 0.0176776248}","{'count': 37.0, 'mean': 0.0152706031, 'std': 0.001281857, 'min': 0.0111922965, '25%': 0.0147862102, '50%': 0.0156269374, '75%': 0.0161495447, 'max': 0.0169445327}","{'count': 37.0, 'mean': 0.006438353, 'std': 0.0021198271, 'min': 0.0, '25%': 0.0059608095, '50%': 0.0068897569, '75%': 0.0070863964, 'max': 0.0109921847}","{'count': 480.0, 'mean': 0.0176749188, 'std': 0.0014617332, 'min': 0.0133402306, '25%': 0.0167384919, '50%': 0.0177514422, '75%': 0.0187058626, 'max': 0.0208292088}","{'count': 480.0, 'mean': 0.0145704032, 'std': 0.0014344157, 'min': 0.0102827212, '25%': 0.0136914577, '50%': 0.0148078145, '75%': 0.0155424563, 'max': 0.0173503191}","{'count': 480.0, 'mean': 0.0098813249, 'std': 0.0015968057, 'min': 0.0042081271, '25%': 0.0091957871, '50%': 0.0097519816, '75%': 0.0106398763, 'max': 0.0145037711}","{'count': 480.0, 'mean': 0.0177639349, 'std': 0.0014817094, 'min': 0.0133482989, '25%': 0.0168160981, '50%': 0.0178307978, '75%': 0.0188745861, 'max': 0.021042368}","{'count': 480.0, 'mean': 0.5614907695, 'std': 0.0788233054, 'min': 0.3847645302, '25%': 0.5106498362, '50%': 0.5546493635, '75%': 0.6110105696, 'max': 0.8003248369}","{'count': 480.0, 'mean': 203.3588935185, 'std': 33.3412039842, 'min': 114.033333333, '25%': 180.98, '50%': 203.48, '75%': 228.0, 'max': 283.38}",1.6843827993
21,lcb_codegen_v6_080124,454,33,376,356,24,9,"{'count': 33.0, 'mean': 0.0219497968, 'std': 0.0012946159, 'min': 0.0187106195, '25%': 0.0211168923, '50%': 0.0221118973, '75%': 0.0232318293, 'max': 0.0234652519}","{'count': 33.0, 'mean': 0.0214890532, 'std': 0.0017821162, 'min': 0.0178813969, '25%': 0.0201055237, '50%': 0.0219992458, '75%': 0.0232318293, 'max': 0.0234652519}","{'count': 33.0, 'mean': 0.0021801028, 'std': 0.0037733716, 'min': 0.0, '25%': 0.0, '50%': 0.0, '75%': 0.0051089927, 'max': 0.0110418131}","{'count': 356.0, 'mean': 0.0189957352, 'std': 0.0021511572, 'min': 0.0144403674, '25%': 0.0175654864, '50%': 0.0187516967, '75%': 0.0198587972, 'max': 0.0247083948}","{'count': 356.0, 'mean': 0.0179085233, 'std': 0.0031181359, 'min': 0.0070750239, '25%': 0.015726023, '50%': 0.0182865784, '75%': 0.0196738993, 'max': 0.0247083948}","{'count': 356.0, 'mean': 0.0033098148, 'std': 0.0049147474, 'min': 0.0, '25%': 0.0, '50%': 0.0, '75%': 0.0098268478, 'max': 0.0153522807}","{'count': 356.0, 'mean': 0.0191683343, 'std': 0.0021673168, 'min': 0.0144436972, '25%': 0.0176211454, '50%': 0.018947853, '75%': 0.0200670343, 'max': 0.0249200628}","{'count': 356.0, 'mean': 0.6536552403, 'std': 0.1067959833, 'min': 0.3318527544, '25%': 0.6081753396, '50%': 0.6573732282, '75%': 0.725968452, 'max': 0.9287418546}","{'count': 356.0, 'mean': 76.6976404494, 'std': 17.8967855968, 'min': 43.0, '25%': 64.0, '50%': 74.0, '75%': 83.0, 'max': 128.0}",
22,swebench-test,2294,22,168,42,1075,26,"{'count': 22.0, 'mean': 0.0067137372, 'std': 0.0030376037, 'min': 0.0008710791, '25%': 0.0045059782, '50%': 0.0077088436, '75%': 0.0089349303, 'max': 0.0103041471}","{'count': 22.0, 'mean': 0.0067137372, 'std': 0.0030376037, 'min': 0.0008710791, '25%': 0.0045059782, '50%': 0.0077088436, '75%': 0.0089349303, 'max': 0.0103041471}","{'count': 22.0, 'mean': 0.0, 'std': 0.0, 'min': 0.0, '25%': 0.0, '50%': 0.0, '75%': 0.0, 'max': 0.0}","{'count': 42.0, 'mean': 0.0076421526, 'std': 0.0003476721, 'min': 0.0068224895, '25%': 0.0074733812, '50%': 0.0076032019, '75%': 0.0079142304, 'max': 0.0081920248}","{'count': 42.0, 'mean': 0.0076421526, 'std': 0.0003476721, 'min': 0.0068224895, '25%': 0.0074733812, '50%': 0.0076032019, '75%': 0.0079142304, 'max': 0.0081920248}","{'count': 42.0, 'mean': 0.0, 'std': 0.0, 'min': 0.0, '25%': 0.0, '50%': 0.0, '75%': 0.0, 'max': 0.0}","{'count': 42.0, 'mean': 0.007656715, 'std': 0.0003504854, 'min': 0.006823224, '25%': 0.0074744674, '50%': 0.007625482, '75%': 0.0079428366, 'max': 0.0082133582}","{'count': 42.0, 'mean': 0.5477336497, 'std': 0.0835920325, 'min': 0.4161064149, '25%': 0.4967482052, '50%': 0.5585512952, '75%': 0.5873538403, 'max': 0.74792443}","{'count': 42.0, 'mean': 309.1428571429, 'std': 27.9604000709, 'min': 245.0, '25%': 294.0, '50%': 306.0, '75%': 332.0, 'max': 355.0}",
23,mmlu,14042,36,366,94,84,1743,"{'count': 36.0, 'mean': 0.0039432168, 'std': 0.0002737464, 'min': 0.0033044065, '25%': 0.0037121292, '50%': 0.0040766027, '75%': 0.004193476, 'max': 0.0042163257}","{'count': 36.0, 'mean': 0.0039432168, 'std': 0.0002737464, 'min': 0.0033044065, '25%': 0.0037121292, '50%': 0.0040766027, '75%': 0.004193476, 'max': 0.0042163257}","{'count': 36.0, 'mean': 0.0, 'std': 0.0, 'min': 0.0, '25%': 0.0, '50%': 0.0, '75%': 0.0, 'max': 0.0}","{'count': 94.0, 'mean': 0.0044089262, 'std': 0.0004277279, 'min': 0.003305572, '25%': 0.0042295909, '50%': 0.004484279, '75%': 0.0046552143, 'max': 0.0051799523}","{'count': 94.0, 'mean': 0.0044089262, 'std': 0.0004277279, 'min': 0.003305572, '25%': 0.0042295909, '50%': 0.004484279, '75%': 0.0046552143, 'max': 0.0051799523}","{'count': 94.0, 'mean': 0.0, 'std': 0.0, 'min': 0.0, '25%': 0.0, '50%': 0.0, '75%': 0.0, 'max': 0.0}","{'count': 94.0, 'mean': 0.004410108, 'std': 0.0004277646, 'min': 0.0033067047, '25%': 0.0042296965, '50%': 0.004484279, '75%': 0.0046576287, 'max': 0.0051820788}","{'count': 94.0, 'mean': 0.3816840096, 'std': 0.144820566, 'min': -0.0306948173, '25%': 0.3627462528, '50%': 0.417012623, '75%': 0.468142837, 'max': 0.5507163422}","{'count': 94.0, 'mean': 3870.6170212766, 'std': 717.9307647211, 'min': 2156.0, '25%': 3527.75, '50%': 3965.0, '75%': 4277.5, 'max': 5295.0}",
24,safim,17410,22,178,40,2863,1366,"{'count': 22.0, 'mean': 0.0035533928, 'std': 0.0002176135, 'min': 0.0030720297, '25%': 0.0034125143, '50%': 0.0036247456, '75%': 0.0037421111, 'max': 0.0037559668}","{'count': 22.0, 'mean': 0.0035533928, 'std': 0.0002176135, 'min': 0.0030720297, '25%': 0.0034125143, '50%': 0.0036247456, '75%': 0.0037421111, 'max': 0.0037559668}","{'count': 22.0, 'mean': 0.0, 'std': 0.0, 'min': 0.0, '25%': 0.0, '50%': 0.0, '75%': 0.0, 'max': 0.0}","{'count': 40.0, 'mean': 0.003623469, 'std': 0.0004784852, 'min': 0.0026722481, '25%': 0.0034656834, '50%': 0.0036048435, '75%': 0.0038005552, 'max': 0.0043445725}","{'count': 40.0, 'mean': 0.003623469, 'std': 0.0004784852, 'min': 0.0026722481, '25%': 0.0034656834, '50%': 0.0036048435, '75%': 0.0038005552, 'max': 0.0043445725}","{'count': 40.0, 'mean': 0.0, 'std': 0.0, 'min': 0.0, '25%': 0.0, '50%': 0.0, '75%': 0.0, 'max': 0.0}","{'count': 40.0, 'mean': 0.0036244845, 'std': 0.0004784893, 'min': 0.0026728683, '25%': 0.003466881, '50%': 0.0036063238, '75%': 0.0038014342, 'max': 0.0043460037}","{'count': 40.0, 'mean': 0.4601858247, 'std': 0.1198787621, 'min': 0.3065451069, '25%': 0.3567174062, '50%': 0.4468520131, '75%': 0.5534155527, 'max': 0.6796306046}","{'count': 40.0, 'mean': 4493.75, 'std': 1159.3098245209, 'min': 2403.0, '25%': 4043.25, '50%': 4374.5, '75%': 4871.0, 'max': 6353.0}",
