,model_a,model_b,sum,diff,total,accA,accB,"corr(A,B)",std_signtest,std(E(A-B)),E(std(A-B)),std(A-B),pvalue,benchmark_id
0,codegen-16b,codegen-2b,2518.0,460.0,18340.0,0.30763358778625954,0.28255179934569247,0.6714521691066367,0.0027360783621143683,0.002729802729811479,0.0,0.002729802729811479,4.6234568093290995e-20,safim
1,codegen-16b,codegen-350m,3331.0,1745.0,18340.0,0.30763358778625954,0.21248636859323883,0.550238317679408,0.003146936538824008,0.0030675054102596243,0.0,0.003067505410259624,8.23358796341705e-211,safim
2,codegen-16b,codegen-6b,2451.0,317.0,18340.0,0.30763358778625954,0.29034896401308613,0.6818829840025586,0.00269943158004069,0.0026964125938172593,0.0,0.0026964125938172597,1.642253190551851e-10,safim
3,codegen-16b,codellama-13b,5191.0,-3409.0,18340.0,0.30763358778625954,0.4935114503816794,0.46472951383143385,0.003928494804371875,0.0036809209988069073,0.0,0.0036809209988069073,0.0,safim
4,codegen-16b,codellama-34b,4667.0,-2849.0,18340.0,0.30763358778625954,0.4629770992366412,0.5025235199083669,0.0037249424652679546,0.0035439251389999702,0.0,0.00354392513899997,0.0,safim
5,codegen-16b,codellama-7b,4857.0,-2403.0,18340.0,0.30763358778625954,0.4386586695747001,0.4619131338275413,0.0038000098329391335,0.003674779190530299,0.0,0.0036747791905302985,5.170678075911906e-272,safim
6,codegen-16b,deepseek-coder-1.3b,4870.0,-3154.0,18340.0,0.30763358778625954,0.4796074154852781,0.49143301927400884,0.003805091891465191,0.0035869386701865955,0.0,0.003586938670186596,0.0,safim
7,codegen-16b,deepseek-coder-33b,7296.0,-6464.0,18340.0,0.30763358778625954,0.6600872410032715,0.37457601349872766,0.0046573950935796336,0.003862377582749086,0.0,0.0038623775827490857,0.0,safim
8,codegen-16b,deepseek-coder-6.7b,6497.0,-5425.0,18340.0,0.30763358778625954,0.6034351145038168,0.4109175405257222,0.00439498201338858,0.0038137847296445984,0.0,0.0038137847296445984,0.0,safim
9,codegen-16b,gpt-3.5-turbo-0301,5502.0,-746.0,18340.0,0.30763358778625954,0.34830970556161395,0.32208234163585897,0.004044463884548025,0.00403329554147762,0.0,0.004033295541477619,8.380596793785528e-24,safim
10,codegen-16b,gpt-4-1106-preview,6879.0,-3327.0,18340.0,0.30763358778625954,0.4890403489640131,0.26159701092984927,0.004522341175516677,0.004319400172923039,0.0,0.004319400172923039,0.0,safim
11,codegen-16b,incoder-1b,4688.0,1490.0,18340.0,0.30763358778625954,0.22639040348964012,0.3601440477300636,0.0037333135809430075,0.003684798006172058,0.0,0.003684798006172058,1.1658281518507896e-106,safim
12,codegen-16b,incoder-6b,4567.0,635.0,18340.0,0.30763358778625954,0.27300981461286805,0.3979697761212175,0.0036848191229821056,0.003675938837671348,0.0,0.0036759388376713486,5.639154601545129e-21,safim
13,codegen-16b,mixtral-8x7b,4342.0,-2106.0,18340.0,0.30763358778625954,0.4224645583424209,0.5119616511831564,0.0035929037098223707,0.0034914143084021445,0.0,0.003491414308402144,1.5152344782924256e-233,safim
14,codegen-16b,phi-1.5,2955.0,1175.0,18340.0,0.30763358778625954,0.2435659760087241,0.6063134159187765,0.002964008271521676,0.0029260102416897834,0.0,0.0029260102416897834,2.729313284714103e-106,safim
15,codegen-16b,phi-2,2741.0,345.0,18340.0,0.30763358778625954,0.28882224645583426,0.6437455657455027,0.002854665237231935,0.002851283714477012,0.0,0.002851283714477012,4.734444218889116e-11,safim
16,codegen-16b,starcoderbase-16b,4846.0,-3482.0,18340.0,0.30763358778625954,0.4974918211559433,0.5087750139096748,0.003795704314930668,0.0035273123453561446,0.0,0.003527312345356145,0.0,safim
17,codegen-16b,wizardcoder-15b,4706.0,-3050.0,18340.0,0.30763358778625954,0.47393675027262816,0.5063610721591314,0.0037404739119176653,0.0035331492884096882,0.0,0.0035331492884096882,0.0,safim
18,codegen-16b,wizardcoder-1b,3543.0,-725.0,18340.0,0.30763358778625954,0.347164667393675,0.5644082862700259,0.003245534610563387,0.0032323810681799577,0.0,0.003232381068179958,2.88639058940254e-34,safim
19,codegen-16b,wizardcoder-33b,6305.0,-4967.0,18248.0,0.3088009644892591,0.5809951775537046,0.4067917011277504,0.004351382624091476,0.0038567313585826505,0.0,0.0038567313585826505,0.0,safim
20,codegen-16b,wizardcoder-3b,4035.0,-1875.0,18340.0,0.30763358778625954,0.4098691384950927,0.5403915621930603,0.0034635577891291703,0.00338028472548341,0.0,0.0033802847254834102,9.500522466221303e-199,safim
21,codegen-2b,codegen-16b,2518.0,-460.0,18340.0,0.28255179934569247,0.30763358778625954,0.6714521691066367,0.0027360783621143683,0.002729802729811479,0.0,0.002729802729811479,4.6234568093290995e-20,safim
22,codegen-2b,codegen-350m,2917.0,1285.0,18340.0,0.28255179934569247,0.21248636859323883,0.5861436660176788,0.002944888684054695,0.002899085042582802,0.0,0.002899085042582802,3.084306152156161e-129,safim
23,codegen-2b,codegen-6b,2403.0,-143.0,18340.0,0.28255179934569247,0.29034896401308613,0.6796306046397317,0.002672868261456084,0.00267224808265341,0.0,0.00267224808265341,0.003761541019146779,safim
24,codegen-2b,codellama-13b,5537.0,-3869.0,18340.0,0.28255179934569247,0.4935114503816794,0.4337377694647415,0.004057307562112462,0.0037463498962762823,0.0,0.003746349896276282,0.0,safim
25,codegen-2b,codellama-34b,4977.0,-3309.0,18340.0,0.28255179934569247,0.4629770992366412,0.4733247406772506,0.0038466660903941703,0.0036085802643947796,0.0,0.003608580264394779,0.0,safim
26,codegen-2b,codellama-7b,5079.0,-2863.0,18340.0,0.28255179934569247,0.4386586695747001,0.4395031948371188,0.003885883490206506,0.003710975093028666,0.0,0.0037109750930286664,0.0,safim
27,codegen-2b,deepseek-coder-1.3b,5106.0,-3614.0,18340.0,0.28255179934569247,0.4796074154852781,0.47286006626903315,0.003896198491810217,0.0036142886785680566,0.0,0.0036142886785680566,0.0,safim
28,codegen-2b,deepseek-coder-33b,7726.0,-6924.0,18340.0,0.28255179934569247,0.6600872410032715,0.34781434331756367,0.004792675451111392,0.003898465884269083,0.0,0.003898465884269083,0.0,safim
29,codegen-2b,deepseek-coder-6.7b,6909.0,-5885.0,18340.0,0.28255179934569247,0.6034351145038168,0.3819879371009455,0.004532191636274014,0.0038634789704241304,0.0,0.003863478970424131,0.0,safim
30,codegen-2b,gpt-3.5-turbo-0301,5538.0,-1206.0,18340.0,0.28255179934569247,0.34830970556161395,0.3078352006131583,0.004057673926965988,0.004028516266826876,0.0,0.004028516266826876,1.9885239641615677e-59,safim
31,codegen-2b,gpt-4-1106-preview,7157.0,-3787.0,18340.0,0.28255179934569247,0.4890403489640131,0.23325104023585336,0.004612816486817746,0.004353531711859681,0.0,0.004353531711859681,0.0,safim
32,codegen-2b,incoder-1b,4402.0,1030.0,18340.0,0.28255179934569247,0.22639040348964012,0.3741216663246828,0.0036176428386910297,0.0035937946933644388,0.0,0.0035937946933644383,9.803747613509262e-55,safim
33,codegen-2b,incoder-6b,4367.0,175.0,18340.0,0.28255179934569247,0.27300981461286805,0.4067344219063759,0.0036032323222588395,0.0036025433569331212,0.0,0.0036025433569331212,0.008454979904271017,safim
34,codegen-2b,mixtral-8x7b,4616.0,-2566.0,18340.0,0.28255179934569247,0.4224645583424209,0.4824478186306806,0.003704533860733485,0.0035575553887416183,0.0,0.0035575553887416183,0.0,safim
35,codegen-2b,phi-1.5,2719.0,715.0,18340.0,0.28255179934569247,0.2435659760087241,0.6215065211983256,0.0028431860031589294,0.0028285744558342128,0.0,0.0028285744558342128,3.699050636546782e-43,safim
36,codegen-2b,phi-2,2745.0,-115.0,18340.0,0.28255179934569247,0.28882224645583426,0.6333729399926074,0.002856747414924697,0.0028563721617521102,0.0,0.0028563721617521102,0.029546252699115903,safim
37,codegen-2b,starcoderbase-16b,5184.0,-3942.0,18340.0,0.28255179934569247,0.4974918211559433,0.4803015140295647,0.003925845147219193,0.003590712890703923,0.0,0.0035907128907039236,0.0,safim
38,codegen-2b,wizardcoder-15b,4988.0,-3510.0,18340.0,0.28255179934569247,0.47393675027262816,0.4819346012885967,0.0038509146309726443,0.0035822294668241537,0.0,0.0035822294668241533,0.0,safim
39,codegen-2b,wizardcoder-1b,3545.0,-1185.0,18340.0,0.28255179934569247,0.347164667393675,0.5604021935734633,0.003246450522705386,0.003211200113650362,0.0,0.003211200113650362,1.1482893655441466e-89,safim
40,codegen-2b,wizardcoder-33b,6660.0,-5434.0,18248.0,0.28320911880754057,0.5809951775537046,0.3826903130715295,0.004472206436454003,0.003891157866640783,0.0,0.003891157866640783,0.0,safim
41,codegen-2b,wizardcoder-3b,4189.0,-2335.0,18340.0,0.28255179934569247,0.4098691384950927,0.5247529356198344,0.003529034051316119,0.003401505110138337,0.0,0.0034015051101383372,1.4314922520352175e-301,safim
42,codegen-350m,codegen-16b,3331.0,-1745.0,18340.0,0.21248636859323883,0.30763358778625954,0.5502383176794079,0.003146936538824008,0.0030675054102596243,0.0,0.003067505410259624,8.23358796341705e-211,safim
43,codegen-350m,codegen-2b,2917.0,-1285.0,18340.0,0.21248636859323883,0.28255179934569247,0.5861436660176786,0.002944888684054695,0.002899085042582802,0.0,0.002899085042582802,3.084306152156161e-129,safim
44,codegen-350m,codegen-6b,3120.0,-1428.0,18340.0,0.21248636859323883,0.29034896401308613,0.5636557338410174,0.003045635778357457,0.002990874640148807,0.0,0.0029908746401488065,2.2935390596501966e-149,safim
45,codegen-350m,codellama-13b,6414.0,-5154.0,18340.0,0.21248636859323883,0.4935114503816794,0.3582636379705767,0.0043668185496566906,0.0038422568345843826,0.0,0.003842256834584383,0.0,safim
46,codegen-350m,codellama-34b,5906.0,-4594.0,18340.0,0.21248636859323883,0.4629770992366412,0.3840782170693691,0.004190321931699204,0.0037599939324804697,0.0,0.0037599939324804697,0.0,safim
47,codegen-350m,codellama-7b,5812.0,-4148.0,18340.0,0.21248636859323883,0.4386586695747001,0.3641194315573754,0.004156841559988205,0.0038065906991637923,0.0,0.0038065906991637923,0.0,safim
48,codegen-350m,deepseek-coder-1.3b,5997.0,-4899.0,18340.0,0.21248636859323883,0.4796074154852781,0.39459986560960697,0.004222480893467686,0.003733462492937902,0.0,0.003733462492937902,0.0,safim
49,codegen-350m,deepseek-coder-33b,8795.0,-8209.0,18340.0,0.21248636859323883,0.6600872410032715,0.2903018951624731,0.0051135038887854005,0.003901781804167019,0.0,0.00390178180416702,0.0,safim
50,codegen-350m,deepseek-coder-6.7b,7964.0,-7170.0,18340.0,0.21248636859323883,0.6034351145038168,0.31291898277350993,0.004865934900179522,0.003917087610267572,0.0,0.003917087610267571,0.0,safim
51,codegen-350m,gpt-3.5-turbo-0301,5695.0,-2491.0,18340.0,0.21248636859323883,0.34830970556161395,0.26232365171919475,0.004114788646614156,0.003990688911825977,0.0,0.003990688911825976,6.331511626758451e-247,safim
52,codegen-350m,gpt-4-1106-preview,7592.0,-5072.0,18340.0,0.21248636859323883,0.4890403489640131,0.19497656796144014,0.004750931496355935,0.004289652130599342,0.0,0.004289652130599343,0.0,safim
53,codegen-350m,incoder-1b,3861.0,-255.0,18340.0,0.21248636859323883,0.22639040348964012,0.38595045164126557,0.003388055917754849,0.003386499946611327,0.0,0.003386499946611327,4.329878442111066e-05,safim
54,codegen-350m,incoder-6b,4294.0,-1110.0,18340.0,0.21248636859323883,0.27300981461286805,0.37132375011928564,0.0035729890786054255,0.0035449286046393205,0.0,0.003544928604639321,5.84009461930061e-65,safim
55,codegen-350m,mixtral-8x7b,5401.0,-3851.0,18340.0,0.21248636859323883,0.4224645583424209,0.3982049421420683,0.004007169907671347,0.00369504126658021,0.0,0.0036950412665802093,0.0,safim
56,codegen-350m,phi-1.5,2764.0,-570.0,18340.0,0.21248636859323883,0.2435659760087241,0.5747476882172633,0.0028666171053642127,0.002857415796779664,0.0,0.0028574157967796643,1.760768931021157e-27,safim
57,codegen-350m,phi-2,3282.0,-1400.0,18340.0,0.21248636859323883,0.28882224645583426,0.5383464608272222,0.0031237045992153767,0.0030724258379228463,0.0,0.0030724258379228463,6.0415321655556436e-136,safim
58,codegen-350m,starcoderbase-16b,6207.0,-5227.0,18340.0,0.21248636859323883,0.4974918211559433,0.391425189243676,0.004295775149687148,0.0037449526852596756,0.0,0.003744952685259676,0.0,safim
59,codegen-350m,wizardcoder-15b,5917.0,-4795.0,18340.0,0.21248636859323883,0.47393675027262816,0.39750407810977223,0.0041942223802905534,0.0037234837373008893,0.0,0.0037234837373008906,0.0,safim
60,codegen-350m,wizardcoder-1b,4066.0,-2470.0,18340.0,0.21248636859323883,0.347164667393675,0.4888835706433766,0.0034768372010752146,0.0033315758712720743,0.0,0.0033315758712720743,0.0,safim
61,codegen-350m,wizardcoder-33b,7620.0,-6714.0,18248.0,0.21306444541867603,0.5809951775537046,0.31901030442059386,0.004783681026478561,0.003932568022218928,0.0,0.003932568022218929,0.0,safim
62,codegen-350m,wizardcoder-3b,4972.0,-3620.0,18340.0,0.21248636859323883,0.4098691384950927,0.4400740895467022,0.003844733383599606,0.0035577603431559894,0.0,0.003557760343155989,0.0,safim
63,codegen-6b,codegen-16b,2451.0,-317.0,18340.0,0.29034896401308613,0.30763358778625954,0.6818829840025588,0.00269943158004069,0.0026964125938172593,0.0,0.0026964125938172597,1.642253190551851e-10,safim
64,codegen-6b,codegen-2b,2403.0,143.0,18340.0,0.29034896401308613,0.28255179934569247,0.6796306046397318,0.002672868261456084,0.00267224808265341,0.0,0.00267224808265341,0.003761541019146779,safim
65,codegen-6b,codegen-350m,3120.0,1428.0,18340.0,0.29034896401308613,0.21248636859323883,0.5636557338410174,0.003045635778357457,0.002990874640148807,0.0,0.0029908746401488065,2.2935390596501966e-149,safim
66,codegen-6b,codellama-13b,5450.0,-3726.0,18340.0,0.29034896401308613,0.4935114503816794,0.4408927308833032,0.004025306177817176,0.0037353105351806467,0.0,0.0037353105351806463,0.0,safim
67,codegen-6b,codellama-34b,4904.0,-3166.0,18340.0,0.29034896401308613,0.4629770992366412,0.4795525359594941,0.0038183514503842084,0.0035992941416670664,0.0,0.0035992941416670664,0.0,safim
68,codegen-6b,codellama-7b,4996.0,-2720.0,18340.0,0.29034896401308613,0.4386586695747001,0.44810636316921104,0.003854001536984142,0.0036951312240434656,0.0,0.003695131224043465,0.0,safim
69,codegen-6b,deepseek-coder-1.3b,5113.0,-3471.0,18340.0,0.29034896401308613,0.4796074154852781,0.4688828874016045,0.003898868296777482,0.0036397985613755117,0.0,0.0036397985613755113,0.0,safim
70,codegen-6b,deepseek-coder-33b,7615.0,-6781.0,18340.0,0.29034896401308613,0.6600872410032715,0.35326114414456383,0.004758122538898414,0.003896886997349196,0.0,0.003896886997349196,0.0,safim
71,codegen-6b,deepseek-coder-6.7b,6744.0,-5742.0,18340.0,0.29034896401308613,0.6034351145038168,0.39551459133973793,0.004477745947142379,0.003834768132254998,0.0,0.003834768132254998,0.0,safim
72,codegen-6b,gpt-3.5-turbo-0301,5539.0,-1063.0,18340.0,0.29034896401308613,0.34830970556161395,0.3106803660440275,0.004058040258743647,0.0040354076320496726,0.0,0.004035407632049673,1.7998713823213983e-46,safim
73,codegen-6b,gpt-4-1106-preview,6998.0,-3644.0,18340.0,0.29034896401308613,0.4890403489640131,0.2508388338819854,0.004561289504550573,0.004318886975980743,0.0,0.004318886975980743,0.0,safim
74,codegen-6b,incoder-1b,4497.0,1173.0,18340.0,0.29034896401308613,0.22639040348964012,0.3686824921628313,0.0036564708242745885,0.0036258421152173554,0.0,0.0036258421152173554,3.6278058579982516e-69,safim
75,codegen-6b,incoder-6b,4382.0,318.0,18340.0,0.29034896401308613,0.27300981461286805,0.41016397361194107,0.003609415302821236,0.003607143733068342,0.0,0.003607143733068341,1.6614980281080513e-06,safim
76,codegen-6b,mixtral-8x7b,4477.0,-2423.0,18340.0,0.29034896401308613,0.4224645583424209,0.4981307751383664,0.0036483308524144172,0.0035154798820657847,0.0,0.0035154798820657843,1.012098175185963e-302,safim
77,codegen-6b,phi-1.5,2838.0,858.0,18340.0,0.29034896401308613,0.2435659760087241,0.6100746649613649,0.0029047373177463914,0.0028841223071063775,0.0,0.0028841223071063775,4.085577529038506e-59,safim
78,codegen-6b,phi-2,2732.0,28.0,18340.0,0.29034896401308613,0.28882224645583426,0.6379603413290476,0.0028499747754355464,0.0028499524783163394,0.0,0.002849952478316339,0.6054692212831877,safim
79,codegen-6b,starcoderbase-16b,5087.0,-3799.0,18340.0,0.29034896401308613,0.4974918211559433,0.48814236917938164,0.003888942639265389,0.0035755112003906238,0.0,0.0035755112003906238,0.0,safim
80,codegen-6b,wizardcoder-15b,4887.0,-3367.0,18340.0,0.29034896401308613,0.47393675027262816,0.4910694998136491,0.003811727436553231,0.0035625143371792348,0.0,0.003562514337179235,0.0,safim
81,codegen-6b,wizardcoder-1b,3524.0,-1042.0,18340.0,0.29034896401308613,0.347164667393675,0.5640189492638642,0.0032368205190089054,0.003209516635156834,0.0,0.003209516635156834,7.48113392218659e-70,safim
82,codegen-6b,wizardcoder-33b,6542.0,-5282.0,18248.0,0.2915387987724682,0.5809951775537046,0.39080480683432,0.004432410730795965,0.003880051941732502,0.0,0.003880051941732502,0.0,safim
83,codegen-6b,wizardcoder-3b,4160.0,-2192.0,18340.0,0.29034896401308613,0.4098691384950927,0.5271845707641469,0.0035167972729764664,0.0034042562396411477,0.0,0.003404256239641148,4.8833782605781424e-266,safim
84,codellama-13b,codegen-16b,5191.0,3409.0,18340.0,0.4935114503816794,0.30763358778625954,0.4647295138314338,0.003928494804371875,0.0036809209988069073,0.0,0.0036809209988069073,0.0,safim
85,codellama-13b,codegen-2b,5537.0,3869.0,18340.0,0.4935114503816794,0.28255179934569247,0.4337377694647415,0.004057307562112462,0.0037463498962762823,0.0,0.003746349896276282,0.0,safim
86,codellama-13b,codegen-350m,6414.0,5154.0,18340.0,0.4935114503816794,0.21248636859323883,0.3582636379705767,0.0043668185496566906,0.0038422568345843826,0.0,0.003842256834584383,0.0,safim
87,codellama-13b,codegen-6b,5450.0,3726.0,18340.0,0.4935114503816794,0.29034896401308613,0.4408927308833033,0.004025306177817176,0.0037353105351806467,0.0,0.0037353105351806463,0.0,safim
88,codellama-13b,codellama-34b,3752.0,560.0,18340.0,0.4935114503816794,0.4629770992366412,0.5915523754349963,0.003339889385193796,0.0033322701454639673,0.0,0.0033322701454639673,6.084942214203783e-20,safim
89,codellama-13b,codellama-7b,3456.0,1006.0,18340.0,0.4935114503816794,0.4386586695747001,0.6263103207014976,0.0032054391399561765,0.0031797455669379327,0.0,0.0031797455669379327,1.9038925390425177e-66,safim
90,codellama-13b,deepseek-coder-1.3b,4095.0,255.0,18340.0,0.4935114503816794,0.4796074154852781,0.5534128766472319,0.0034892141233971987,0.003487703282316222,0.0,0.003487703282316222,7.174362945009058e-05,safim
91,codellama-13b,deepseek-coder-33b,4777.0,-3055.0,18340.0,0.4935114503816794,0.6600872410032715,0.5101107360824797,0.00376858477549127,0.0035622018050131326,0.0,0.0035622018050131326,0.0,safim
92,codellama-13b,deepseek-coder-6.7b,4164.0,-2016.0,18340.0,0.4935114503816794,0.6034351145038168,0.560771747638189,0.0035184876346568547,0.00342358153514937,0.0,0.0034235815351493695,3.3102165593040875e-223,safim
93,codellama-13b,gpt-3.5-turbo-0301,6247.0,2663.0,18340.0,0.4935114503816794,0.34830970556161395,0.33041915925874554,0.004309594632544272,0.004174088198969489,0.0,0.004174088198969489,9.98128357278336e-257,safim
94,codellama-13b,gpt-4-1106-preview,6244.0,82.0,18340.0,0.4935114503816794,0.4890403489640131,0.3189029862309872,0.0043085597088633396,0.0043084332136841715,0.0,0.004308433213684171,0.30532977964923813,safim
95,codellama-13b,incoder-1b,6705.0,4899.0,18340.0,0.4935114503816794,0.22639040348964012,0.3127065669491594,0.004464779955492753,0.004005453450165697,0.0,0.004005453450165698,0.0,safim
96,codellama-13b,incoder-6b,6172.0,4044.0,18340.0,0.4935114503816794,0.27300981461286805,0.36034471037600485,0.004283646530294952,0.003962138140533378,0.0,0.003962138140533378,0.0,safim
97,codellama-13b,mixtral-8x7b,4217.0,1303.0,18340.0,0.4935114503816794,0.4224645583424209,0.5447535025428243,0.003540808744831891,0.0035017281010263136,0.0,0.003501728101026314,7.320026290425853e-91,safim
98,codellama-13b,phi-1.5,5994.0,4584.0,18340.0,0.4935114503816794,0.2435659760087241,0.3957282821920759,0.004221424613052543,0.003796585364941318,0.0,0.0037965853649413175,0.0,safim
99,codellama-13b,phi-2,5344.0,3754.0,18340.0,0.4935114503816794,0.28882224645583426,0.4542917854194885,0.0039859687857136455,0.0036882855666432635,0.0,0.003688285566643264,0.0,safim
100,codellama-13b,starcoderbase-16b,4095.0,-73.0,18340.0,0.4935114503816794,0.4974918211559433,0.5534235809623018,0.0034892141233971987,0.0034890903299054066,0.0,0.0034890903299054066,0.2605282573530834,safim
101,codellama-13b,wizardcoder-15b,4313.0,359.0,18340.0,0.4935114503816794,0.47393675027262816,0.5297502387145552,0.003580885196696678,0.003577966778526275,0.0,0.0035779667785262757,4.918083708108081e-08,safim
102,codellama-13b,wizardcoder-1b,5126.0,2684.0,18340.0,0.4935114503816794,0.347164667393675,0.4590444631104545,0.0039038216618688657,0.003751270110901477,0.0,0.003751270110901477,5e-323,safim
103,codellama-13b,wizardcoder-33b,5141.0,-1589.0,18248.0,0.4939171416045594,0.5809951775537046,0.4444138403939088,0.0039292397567390076,0.003876002509643314,0.0,0.0038760025096433136,1.903477670262177e-110,safim
104,codellama-13b,wizardcoder-3b,4806.0,1534.0,18340.0,0.4935114503816794,0.4098691384950927,0.4814876815221411,0.0037800065457877893,0.003729207183578844,0.0,0.003729207183578844,3.128250138470676e-110,safim
105,codellama-34b,codegen-16b,4667.0,2849.0,18340.0,0.4629770992366412,0.30763358778625954,0.5025235199083669,0.0037249424652679546,0.0035439251389999702,0.0,0.00354392513899997,0.0,safim
106,codellama-34b,codegen-2b,4977.0,3309.0,18340.0,0.4629770992366412,0.28255179934569247,0.4733247406772506,0.0038466660903941703,0.0036085802643947796,0.0,0.003608580264394779,0.0,safim
107,codellama-34b,codegen-350m,5906.0,4594.0,18340.0,0.4629770992366412,0.21248636859323883,0.3840782170693691,0.004190321931699204,0.0037599939324804697,0.0,0.0037599939324804697,0.0,safim
108,codellama-34b,codegen-6b,4904.0,3166.0,18340.0,0.4629770992366412,0.29034896401308613,0.47955253595949404,0.0038183514503842084,0.0035992941416670664,0.0,0.0035992941416670664,0.0,safim
109,codellama-34b,codellama-13b,3752.0,-560.0,18340.0,0.4629770992366412,0.4935114503816794,0.5915523754349963,0.003339889385193796,0.0033322701454639673,0.0,0.0033322701454639673,6.084942214203783e-20,safim
110,codellama-34b,codellama-7b,4030.0,446.0,18340.0,0.4629770992366412,0.4386586695747001,0.5571661257710023,0.0034614111773399953,0.003456750156575046,0.0,0.0034567501565750457,2.269446778108357e-12,safim
111,codellama-34b,deepseek-coder-1.3b,4399.0,-305.0,18340.0,0.4629770992366412,0.4796074154852781,0.519119380949343,0.003616409901590061,0.0036143243579406605,0.0,0.00361432435794066,4.534790967887289e-06,safim
112,codellama-34b,deepseek-coder-33b,5245.0,-3615.0,18340.0,0.4629770992366412,0.6600872410032715,0.4781476061009738,0.003948875258124298,0.003670853292699654,0.0,0.003670853292699654,0.0,safim
113,codellama-34b,deepseek-coder-6.7b,4670.0,-2576.0,18340.0,0.4629770992366412,0.6034351145038168,0.5186609945120452,0.003726139490353301,0.0035788837887977014,0.0,0.0035788837887977014,0.0,safim
114,codellama-34b,gpt-3.5-turbo-0301,6063.0,2103.0,18340.0,0.4629770992366412,0.34830970556161395,0.3329197156382334,0.004245652576460363,0.004160364110396099,0.0,0.0041603641103961,7.783422367668811e-164,safim
115,codellama-34b,gpt-4-1106-preview,6308.0,-478.0,18340.0,0.4629770992366412,0.4890403489640131,0.3114111430442197,0.004330584438749134,0.004326305895924174,0.0,0.004326305895924174,1.8711906928888265e-09,safim
116,codellama-34b,incoder-1b,6547.0,4339.0,18340.0,0.4629770992366412,0.22639040348964012,0.29414712535225773,0.004411861183020164,0.004051239532284046,0.0,0.004051239532284046,0.0,safim
117,codellama-34b,incoder-6b,6042.0,3484.0,18340.0,0.4629770992366412,0.27300981461286805,0.34605992161789606,0.004238293509881958,0.003999429276192786,0.0,0.003999429276192786,0.0,safim
118,codellama-34b,mixtral-8x7b,3549.0,743.0,18340.0,0.4629770992366412,0.4224645583424209,0.6105359369306178,0.0032482815722151537,0.003234477100900112,0.0,0.003234477100900112,7.3711759457747e-36,safim
119,codellama-34b,phi-1.5,5494.0,4024.0,18340.0,0.4629770992366412,0.2435659760087241,0.4238898455796748,0.004041522455879264,0.0037025629514366772,0.0,0.003702562951436677,0.0,safim
120,codellama-34b,phi-2,4834.0,3194.0,18340.0,0.4629770992366412,0.28882224645583426,0.4884966071269618,0.0037910018093279597,0.003566221699162941,0.0,0.003566221699162941,0.0,safim
121,codellama-34b,starcoderbase-16b,4401.0,-633.0,18340.0,0.4629770992366412,0.4974918211559433,0.5211311168148417,0.003617231906351578,0.0036082422503360954,0.0,0.0036082422503360954,1.3877438017266914e-21,safim
122,codellama-34b,wizardcoder-15b,4517.0,-201.0,18340.0,0.4629770992366412,0.47393675027262816,0.5056292903792079,0.003664592715277329,0.003663699016073483,0.0,0.0036636990160734836,0.002918065311767963,safim
123,codellama-34b,wizardcoder-1b,4998.0,2124.0,18340.0,0.4629770992366412,0.347164667393675,0.4553106757113397,0.0038547728772374344,0.003758716257742861,0.0,0.003758716257742861,1.751908357933609e-204,safim
124,codellama-34b,wizardcoder-33b,5474.0,-2144.0,18248.0,0.46350284962735644,0.5809951775537046,0.41849723761991553,0.00405449831501401,0.003960109294183319,0.0,0.003960109294183319,1.9850340349980356e-189,safim
125,codellama-34b,wizardcoder-3b,4706.0,974.0,18340.0,0.4629770992366412,0.4098691384950927,0.48266719198021385,0.0037404739119176653,0.003719859941095596,0.0,0.003719859941095596,5.581918090185629e-46,safim
126,codellama-7b,codegen-16b,4857.0,2403.0,18340.0,0.4386586695747001,0.30763358778625954,0.4619131338275413,0.0038000098329391335,0.003674779190530299,0.0,0.0036747791905302985,5.170678075911906e-272,safim
127,codellama-7b,codegen-2b,5079.0,2863.0,18340.0,0.4386586695747001,0.28255179934569247,0.43950319483711875,0.003885883490206506,0.003710975093028666,0.0,0.0037109750930286664,0.0,safim
128,codellama-7b,codegen-350m,5812.0,4148.0,18340.0,0.4386586695747001,0.21248636859323883,0.36411943155737536,0.004156841559988205,0.0038065906991637923,0.0,0.0038065906991637923,0.0,safim
129,codellama-7b,codegen-6b,4996.0,2720.0,18340.0,0.4386586695747001,0.29034896401308613,0.44810636316921093,0.003854001536984142,0.0036951312240434656,0.0,0.003695131224043465,0.0,safim
130,codellama-7b,codellama-13b,3456.0,-1006.0,18340.0,0.4386586695747001,0.4935114503816794,0.6263103207014976,0.0032054391399561765,0.0031797455669379327,0.0,0.0031797455669379327,1.9038925390425177e-66,safim
131,codellama-7b,codellama-34b,4030.0,-446.0,18340.0,0.4386586695747001,0.4629770992366412,0.5571661257710023,0.0034614111773399953,0.003456750156575046,0.0,0.0034567501565750457,2.269446778108357e-12,safim
132,codellama-7b,deepseek-coder-1.3b,4275.0,-751.0,18340.0,0.4386586695747001,0.4796074154852781,0.5332709732514515,0.003565075471816254,0.0035522295195662373,0.0,0.0035522295195662373,1.3143877525594138e-30,safim
133,codellama-7b,deepseek-coder-33b,5585.0,-4061.0,18340.0,0.4386586695747001,0.6600872410032715,0.4575915736489401,0.004074855919636506,0.0037324289529417068,0.0,0.003732428952941707,0.0,safim
134,codellama-7b,deepseek-coder-6.7b,4936.0,-3022.0,18340.0,0.4386586695747001,0.6034351145038168,0.5016617539544993,0.0038307891101963566,0.0036324240961133417,0.0,0.0036324240961133417,0.0,safim
135,codellama-7b,gpt-3.5-turbo-0301,6041.0,1657.0,18340.0,0.4386586695747001,0.34830970556161395,0.32146665587367157,0.004237942759394339,0.004185100914702186,0.0,0.004185100914702186,5.301443198489912e-102,safim
136,codellama-7b,gpt-4-1106-preview,6452.0,-924.0,18340.0,0.4386586695747001,0.4890403489640131,0.29601891513971823,0.004379735142425998,0.004363906137411634,0.0,0.004363906137411634,1.1679163944669207e-30,safim
137,codellama-7b,incoder-1b,6305.0,3893.0,18340.0,0.4386586695747001,0.22639040348964012,0.29530200495285913,0.004329554532411193,0.004035868770854501,0.0,0.004035868770854501,0.0,safim
138,codellama-7b,incoder-6b,5848.0,3038.0,18340.0,0.4386586695747001,0.27300981461286805,0.3466915691555526,0.004169695593087276,0.003986251753581081,0.0,0.003986251753581081,0.0,safim
139,codellama-7b,mixtral-8x7b,4297.0,297.0,18340.0,0.4386586695747001,0.4224645583424209,0.5226040345892826,0.003574236993799866,0.0035722361041329075,0.0,0.0035722361041329075,6.265263555747054e-06,safim
140,codellama-7b,phi-1.5,5388.0,3578.0,18340.0,0.4386586695747001,0.2435659760087241,0.4102335521274867,0.004002344450055086,0.0037340932676952596,0.0,0.00373409326769526,0.0,safim
141,codellama-7b,phi-2,4928.0,2748.0,18340.0,0.4386586695747001,0.28882224645583426,0.45663346389905324,0.0038276834841405112,0.0036642882701687658,0.0,0.0036642882701687653,0.0,safim
142,codellama-7b,starcoderbase-16b,4309.0,-1079.0,18340.0,0.4386586695747001,0.4974918211559433,0.533519621670383,0.003579224303658955,0.003552761587411059,0.0,0.0035527615874110584,3.13558457153301e-61,safim
143,codellama-7b,wizardcoder-15b,4489.0,-647.0,18340.0,0.4386586695747001,0.47393675027262816,0.5086021349226636,0.003653217011995638,0.0036439175416698912,0.0,0.0036439175416698912,4.5298991305944745e-22,safim
144,codellama-7b,wizardcoder-1b,4828.0,1678.0,18340.0,0.4386586695747001,0.347164667393675,0.46140266563877863,0.0037886483677295984,0.0037279235666372486,0.0,0.003727923566637249,2.26258769967563e-131,safim
145,codellama-7b,wizardcoder-33b,5622.0,-2582.0,18248.0,0.43950021920210436,0.5809951775537046,0.4118492821689293,0.004108943299683362,0.003973193097983549,0.0,0.00397319309798355,1.4639315970713063e-269,safim
146,codellama-7b,wizardcoder-3b,4658.0,528.0,18340.0,0.4386586695747001,0.4098691384950927,0.481386873055496,0.003721349079771331,0.0037152720103555414,0.0,0.003715272010355542,1.0771599208297058e-14,safim
147,deepseek-coder-1.3b,codegen-16b,4870.0,3154.0,18340.0,0.4796074154852781,0.30763358778625954,0.49143301927400884,0.003805091891465191,0.0035869386701865955,0.0,0.003586938670186596,0.0,safim
148,deepseek-coder-1.3b,codegen-2b,5106.0,3614.0,18340.0,0.4796074154852781,0.28255179934569247,0.4728600662690332,0.003896198491810217,0.003614288678568057,0.0,0.0036142886785680566,0.0,safim
149,deepseek-coder-1.3b,codegen-350m,5997.0,4899.0,18340.0,0.4796074154852781,0.21248636859323883,0.3945998656096069,0.004222480893467686,0.003733462492937902,0.0,0.003733462492937902,0.0,safim
150,deepseek-coder-1.3b,codegen-6b,5113.0,3471.0,18340.0,0.4796074154852781,0.29034896401308613,0.4688828874016045,0.003898868296777482,0.0036397985613755117,0.0,0.0036397985613755113,0.0,safim
151,deepseek-coder-1.3b,codellama-13b,4095.0,-255.0,18340.0,0.4796074154852781,0.4935114503816794,0.5534128766472319,0.0034892141233971987,0.003487703282316222,0.0,0.003487703282316222,7.174362945009058e-05,safim
152,deepseek-coder-1.3b,codellama-34b,4399.0,305.0,18340.0,0.4796074154852781,0.4629770992366412,0.519119380949343,0.003616409901590061,0.0036143243579406605,0.0,0.00361432435794066,4.534790967887289e-06,safim
153,deepseek-coder-1.3b,codellama-7b,4275.0,751.0,18340.0,0.4796074154852781,0.4386586695747001,0.5332709732514515,0.003565075471816254,0.0035522295195662373,0.0,0.0035522295195662373,1.3143877525594138e-30,safim
154,deepseek-coder-1.3b,deepseek-coder-33b,4572.0,-3310.0,18340.0,0.4796074154852781,0.6600872410032715,0.543515911770255,0.0036868356607147146,0.003437542103871529,0.0,0.003437542103871529,0.0,safim
155,deepseek-coder-1.3b,deepseek-coder-6.7b,3883.0,-2271.0,18340.0,0.4796074154852781,0.6034351145038168,0.5984232287963797,0.003397694787636946,0.003272349633655425,0.0,0.003272349633655424,9.8667636903503e-310,safim
156,deepseek-coder-1.3b,gpt-3.5-turbo-0301,6002.0,2408.0,18340.0,0.4796074154852781,0.34830970556161395,0.34986779154320063,0.004224240773881475,0.0041114763769754675,0.0,0.004111476376975467,6.09998540514469e-218,safim
157,deepseek-coder-1.3b,gpt-4-1106-preview,6299.0,-173.0,18340.0,0.4796074154852781,0.4890403489640131,0.3125272341315066,0.004327493984408827,0.004326933380818379,0.0,0.004326933380818379,0.03021394295748891,safim
158,deepseek-coder-1.3b,incoder-1b,6036.0,4644.0,18340.0,0.4796074154852781,0.22639040348964012,0.38198123877527534,0.004236188571331522,0.003801206759526999,0.0,0.0038012067595269996,0.0,safim
159,deepseek-coder-1.3b,incoder-6b,5473.0,3789.0,18340.0,0.4796074154852781,0.27300981461286805,0.43205621526836796,0.004033791000693932,0.0037341901418893237,0.0,0.0037341901418893237,0.0,safim
160,deepseek-coder-1.3b,mixtral-8x7b,4466.0,1048.0,18340.0,0.4796074154852781,0.4224645583424209,0.5132834360889833,0.003643846117034596,0.003619333040880411,0.0,0.0036193330408804104,8.048403376525873e-56,safim
161,deepseek-coder-1.3b,phi-1.5,5623.0,4329.0,18340.0,0.4796074154852781,0.2435659760087241,0.4265648997903857,0.004088694955358274,0.003698580880569138,0.0,0.0036985808805691375,0.0,safim
162,deepseek-coder-1.3b,phi-2,5131.0,3499.0,18340.0,0.4796074154852781,0.28882224645583426,0.467310767423524,0.0039057251295629707,0.003642802703972101,0.0,0.003642802703972101,0.0,safim
163,deepseek-coder-1.3b,starcoderbase-16b,3688.0,-328.0,18340.0,0.4796074154852781,0.4974918211559433,0.5981195732730832,0.003311281668634455,0.0033086471797422624,0.0,0.0033086471797422624,7.1245490303828e-08,safim
164,deepseek-coder-1.3b,wizardcoder-15b,3888.0,104.0,18340.0,0.4796074154852781,0.47393675027262816,0.5751425513054028,0.0033998816288156805,0.003399623764431624,0.0,0.0033996237644316244,0.09854994720456654,safim
165,deepseek-coder-1.3b,wizardcoder-1b,4509.0,2429.0,18340.0,0.4796074154852781,0.347164667393675,0.5211789946980664,0.00366134612087231,0.0035283164466632278,0.0,0.003528316446663228,6.684819441817336e-302,safim
166,deepseek-coder-1.3b,wizardcoder-33b,5033.0,-1849.0,18248.0,0.4796690048224463,0.5809951775537046,0.4614358274384951,0.003887748772586135,0.0038147023325115857,0.0,0.003814702332511586,4.3502635392327904e-153,safim
167,deepseek-coder-1.3b,wizardcoder-3b,4051.0,1279.0,18340.0,0.4796074154852781,0.4098691384950927,0.5605222061488971,0.00347041802420274,0.0034319993940582134,0.0,0.0034319993940582143,3.429885774214833e-91,safim
168,deepseek-coder-33b,codegen-16b,7296.0,6464.0,18340.0,0.6600872410032715,0.30763358778625954,0.3745760134987276,0.0046573950935796336,0.003862377582749086,0.0,0.0038623775827490857,0.0,safim
169,deepseek-coder-33b,codegen-2b,7726.0,6924.0,18340.0,0.6600872410032715,0.28255179934569247,0.3478143433175637,0.004792675451111392,0.003898465884269083,0.0,0.003898465884269083,0.0,safim
170,deepseek-coder-33b,codegen-350m,8795.0,8209.0,18340.0,0.6600872410032715,0.21248636859323883,0.2903018951624731,0.0051135038887854005,0.003901781804167019,0.0,0.00390178180416702,0.0,safim
171,deepseek-coder-33b,codegen-6b,7615.0,6781.0,18340.0,0.6600872410032715,0.29034896401308613,0.35326114414456383,0.004758122538898414,0.003896886997349196,0.0,0.003896886997349196,0.0,safim
172,deepseek-coder-33b,codellama-13b,4777.0,3055.0,18340.0,0.6600872410032715,0.4935114503816794,0.5101107360824797,0.00376858477549127,0.0035622018050131326,0.0,0.0035622018050131326,0.0,safim
173,deepseek-coder-33b,codellama-34b,5245.0,3615.0,18340.0,0.6600872410032715,0.4629770992366412,0.4781476061009738,0.003948875258124298,0.003670853292699654,0.0,0.003670853292699654,0.0,safim
174,deepseek-coder-33b,codellama-7b,5585.0,4061.0,18340.0,0.6600872410032715,0.4386586695747001,0.4575915736489401,0.004074855919636506,0.0037324289529417068,0.0,0.003732428952941707,0.0,safim
175,deepseek-coder-33b,deepseek-coder-1.3b,4572.0,3310.0,18340.0,0.6600872410032715,0.4796074154852781,0.543515911770255,0.0036868356607147146,0.003437542103871529,0.0,0.003437542103871529,0.0,safim
176,deepseek-coder-33b,deepseek-coder-6.7b,2919.0,1039.0,18340.0,0.6600872410032715,0.6034351145038168,0.664006468586396,0.0029458980718080913,0.0029160448287205783,0.0,0.0029160448287205787,4.8323905553307635e-84,safim
177,deepseek-coder-33b,gpt-3.5-turbo-0301,7308.0,5718.0,18340.0,0.6600872410032715,0.34830970556161395,0.3325414204680769,0.004661223614648312,0.004053002514236516,0.0,0.004053002514236516,0.0,safim
178,deepseek-coder-33b,gpt-4-1106-preview,6089.0,3137.0,18340.0,0.6600872410032715,0.4890403489640131,0.3621515096126114,0.004254746166826478,0.00406295539381288,0.0,0.00406295539381288,0.0,safim
179,deepseek-coder-33b,incoder-1b,8646.0,7954.0,18340.0,0.6600872410032715,0.22639040348964012,0.2930255628065172,0.005070003793286075,0.003930528284238358,0.0,0.003930528284238358,0.0,safim
180,deepseek-coder-33b,incoder-6b,7955.0,7099.0,18340.0,0.6600872410032715,0.27300981461286805,0.32916444772788916,0.004863184662003235,0.0039345963553847375,0.0,0.0039345963553847375,0.0,safim
181,deepseek-coder-33b,mixtral-8x7b,5766.0,4358.0,18340.0,0.6600872410032715,0.4224645583424209,0.4496856321292693,0.004140358889110061,0.00375017430510835,0.0,0.0037501743051083503,0.0,safim
182,deepseek-coder-33b,phi-1.5,8343.0,7639.0,18340.0,0.6600872410032715,0.2435659760087241,0.31279969823591497,0.004980372087558887,0.003917200154059851,0.0,0.003917200154059851,0.0,safim
183,deepseek-coder-33b,phi-2,7629.0,6809.0,18340.0,0.6600872410032715,0.28882224645583426,0.35317377133867855,0.004762494379129256,0.0038943119927435394,0.0,0.0038943119927435394,0.0,safim
184,deepseek-coder-33b,starcoderbase-16b,4614.0,2982.0,18340.0,0.6600872410032715,0.4974918211559433,0.5261470147359862,0.0037037312317866294,0.003503728911164748,0.0,0.0035037289111647485,0.0,safim
185,deepseek-coder-33b,wizardcoder-15b,5002.0,3414.0,18340.0,0.6600872410032715,0.47393675027262816,0.4980761246469898,0.003856315094893549,0.00360301870648178,0.0,0.00360301870648178,0.0,safim
186,deepseek-coder-33b,wizardcoder-1b,6809.0,5739.0,18340.0,0.6600872410032715,0.347164667393675,0.3939377711876878,0.004499272899863958,0.003860605903599951,0.0,0.003860605903599951,0.0,safim
187,deepseek-coder-33b,wizardcoder-33b,3195.0,1455.0,18248.0,0.6607299430074529,0.5809951775537046,0.6397053129078787,0.0030975630778304645,0.003040805057520017,0.0,0.003040805057520017,2.4143888533702103e-151,safim
188,deepseek-coder-33b,wizardcoder-3b,5927.0,4589.0,18340.0,0.6600872410032715,0.4098691384950927,0.4414583977722918,0.004197765097689049,0.003769274657458548,0.0,0.003769274657458548,0.0,safim
189,deepseek-coder-6.7b,codegen-16b,6497.0,5425.0,18340.0,0.6034351145038168,0.30763358778625954,0.4109175405257222,0.00439498201338858,0.0038137847296445984,0.0,0.0038137847296445984,0.0,safim
190,deepseek-coder-6.7b,codegen-2b,6909.0,5885.0,18340.0,0.6034351145038168,0.28255179934569247,0.3819879371009455,0.004532191636274014,0.0038634789704241304,0.0,0.003863478970424131,0.0,safim
191,deepseek-coder-6.7b,codegen-350m,7964.0,7170.0,18340.0,0.6034351145038168,0.21248636859323883,0.31291898277350993,0.004865934900179522,0.003917087610267572,0.0,0.003917087610267571,0.0,safim
192,deepseek-coder-6.7b,codegen-6b,6744.0,5742.0,18340.0,0.6034351145038168,0.29034896401308613,0.39551459133973793,0.004477745947142379,0.003834768132254998,0.0,0.003834768132254998,0.0,safim
193,deepseek-coder-6.7b,codellama-13b,4164.0,2016.0,18340.0,0.6034351145038168,0.4935114503816794,0.560771747638189,0.0035184876346568547,0.00342358153514937,0.0,0.0034235815351493695,3.3102165593040875e-223,safim
194,deepseek-coder-6.7b,codellama-34b,4670.0,2576.0,18340.0,0.6034351145038168,0.4629770992366412,0.5186609945120452,0.003726139490353301,0.0035788837887977014,0.0,0.0035788837887977014,0.0,safim
195,deepseek-coder-6.7b,codellama-7b,4936.0,3022.0,18340.0,0.6034351145038168,0.4386586695747001,0.5016617539544992,0.0038307891101963566,0.0036324240961133417,0.0,0.0036324240961133417,0.0,safim
196,deepseek-coder-6.7b,deepseek-coder-1.3b,3883.0,2271.0,18340.0,0.6034351145038168,0.4796074154852781,0.5984232287963797,0.003397694787636946,0.003272349633655425,0.0,0.003272349633655424,9.8667636903503e-310,safim
197,deepseek-coder-6.7b,deepseek-coder-33b,2919.0,-1039.0,18340.0,0.6034351145038168,0.6600872410032715,0.6640064685863961,0.0029458980718080913,0.0029160448287205783,0.0,0.0029160448287205787,4.8323905553307635e-84,safim
198,deepseek-coder-6.7b,gpt-3.5-turbo-0301,6655.0,4679.0,18340.0,0.6034351145038168,0.34830970556161395,0.3615142430877521,0.00444810160076621,0.004029465313660444,0.0,0.004029465313660444,0.0,safim
199,deepseek-coder-6.7b,gpt-4-1106-preview,5978.0,2098.0,18340.0,0.6034351145038168,0.4890403489640131,0.36050918909525587,0.004215786647781397,0.004130293676008404,0.0,0.004130293676008404,1.9327579524810318e-165,safim
200,deepseek-coder-6.7b,incoder-1b,7853.0,6915.0,18340.0,0.6034351145038168,0.22639040348964012,0.3136267023644307,0.004831905893979351,0.003949152243125944,0.0,0.003949152243125944,0.0,safim
201,deepseek-coder-6.7b,incoder-6b,7098.0,6060.0,18340.0,0.6034351145038168,0.27300981461286805,0.3669328896219257,0.00459376385383327,0.0038922372058348433,0.0,0.0038922372058348424,0.0,safim
202,deepseek-coder-6.7b,mixtral-8x7b,5063.0,3319.0,18340.0,0.6034351145038168,0.4224645583424209,0.496571609611333,0.0038797579557732203,0.0036423603406507453,0.0,0.0036423603406507458,0.0,safim
203,deepseek-coder-6.7b,phi-1.5,7484.0,6600.0,18340.0,0.6034351145038168,0.2435659760087241,0.34522971293320465,0.004717018266931771,0.003897290924716374,0.0,0.003897290924716374,0.0,safim
204,deepseek-coder-6.7b,phi-2,6764.0,5770.0,18340.0,0.6034351145038168,0.28882224645583426,0.3943855856600033,0.004484380631396312,0.0038357078300810736,0.0,0.003835707830081073,0.0,safim
205,deepseek-coder-6.7b,starcoderbase-16b,4009.0,1943.0,18340.0,0.6034351145038168,0.4974918211559433,0.5763251931676646,0.0034523808327757317,0.003362579187238569,0.0,0.003362579187238569,1.9478290103277112e-215,safim
206,deepseek-coder-6.7b,wizardcoder-15b,4325.0,2375.0,18340.0,0.6034351145038168,0.47393675027262816,0.5518071839149966,0.0035858632600779456,0.003456013602900933,0.0,0.003456013602900933,1.3112896602626833e-301,safim
207,deepseek-coder-6.7b,wizardcoder-1b,6080.0,4700.0,18340.0,0.6034351145038168,0.347164667393675,0.42961342319736284,0.004251600586612416,0.0038072512343259534,0.0,0.003807251234325954,0.0,safim
208,deepseek-coder-6.7b,wizardcoder-33b,3943.0,417.0,18248.0,0.6038469969311705,0.5809951775537046,0.5534164579018467,0.003441106518290136,0.0034369458718369037,0.0,0.0034369458718369033,3.3355865444735795e-11,safim
209,deepseek-coder-6.7b,wizardcoder-3b,5204.0,3550.0,18340.0,0.6034351145038168,0.4098691384950927,0.48817191534635646,0.003933410860822559,0.0036645281300823718,0.0,0.0036645281300823718,0.0,safim
210,gpt-3.5-turbo-0301,codegen-16b,5502.0,746.0,18340.0,0.34830970556161395,0.30763358778625954,0.32208234163585897,0.004044463884548025,0.00403329554147762,0.0,0.004033295541477619,8.380596793785528e-24,safim
211,gpt-3.5-turbo-0301,codegen-2b,5538.0,1206.0,18340.0,0.34830970556161395,0.28255179934569247,0.3078352006131583,0.004057673926965988,0.004028516266826876,0.0,0.004028516266826876,1.9885239641615677e-59,safim
212,gpt-3.5-turbo-0301,codegen-350m,5695.0,2491.0,18340.0,0.34830970556161395,0.21248636859323883,0.26232365171919475,0.004114788646614156,0.003990688911825977,0.0,0.003990688911825976,6.331511626758451e-247,safim
213,gpt-3.5-turbo-0301,codegen-6b,5539.0,1063.0,18340.0,0.34830970556161395,0.29034896401308613,0.3106803660440275,0.004058040258743647,0.0040354076320496726,0.0,0.004035407632049673,1.7998713823213983e-46,safim
214,gpt-3.5-turbo-0301,codellama-13b,6247.0,-2663.0,18340.0,0.34830970556161395,0.4935114503816794,0.3304191592587455,0.004309594632544272,0.004174088198969489,0.0,0.004174088198969489,9.98128357278336e-257,safim
215,gpt-3.5-turbo-0301,codellama-34b,6063.0,-2103.0,18340.0,0.34830970556161395,0.4629770992366412,0.3329197156382334,0.004245652576460363,0.004160364110396099,0.0,0.0041603641103961,7.783422367668811e-164,safim
216,gpt-3.5-turbo-0301,codellama-7b,6041.0,-1657.0,18340.0,0.34830970556161395,0.4386586695747001,0.32146665587367157,0.004237942759394339,0.004185100914702186,0.0,0.004185100914702186,5.301443198489912e-102,safim
217,gpt-3.5-turbo-0301,deepseek-coder-1.3b,6002.0,-2408.0,18340.0,0.34830970556161395,0.4796074154852781,0.34986779154320063,0.004224240773881475,0.0041114763769754675,0.0,0.004111476376975467,6.09998540514469e-218,safim
218,gpt-3.5-turbo-0301,deepseek-coder-33b,7308.0,-5718.0,18340.0,0.34830970556161395,0.6600872410032715,0.3325414204680769,0.004661223614648312,0.004053002514236516,0.0,0.004053002514236516,0.0,safim
219,gpt-3.5-turbo-0301,deepseek-coder-6.7b,6655.0,-4679.0,18340.0,0.34830970556161395,0.6034351145038168,0.3615142430877521,0.00444810160076621,0.004029465313660444,0.0,0.004029465313660444,0.0,safim
220,gpt-3.5-turbo-0301,gpt-4-1106-preview,6575.0,-2581.0,18340.0,0.34830970556161395,0.4890403489640131,0.29007595652231866,0.004421285370836111,0.004297426912844349,0.0,0.004297426912844349,3.4881557255618445e-228,safim
221,gpt-3.5-turbo-0301,incoder-1b,6032.0,2236.0,18340.0,0.34830970556161395,0.22639040348964012,0.2209128121656548,0.004234784697698495,0.004137984445777851,0.0,0.004137984445777851,1.8175071630819044e-186,safim
222,gpt-3.5-turbo-0301,incoder-6b,5955.0,1381.0,18340.0,0.34830970556161395,0.27300981461286805,0.2507261244963294,0.004207668837670768,0.004170768841632911,0.0,0.004170768841632911,3.7112261551966654e-72,safim
223,gpt-3.5-turbo-0301,mixtral-8x7b,5876.0,-1360.0,18340.0,0.34830970556161395,0.4224645583424209,0.33162126576912854,0.004179665844435507,0.004143642515963097,0.0,0.004143642515963097,6.007020109947445e-71,safim
224,gpt-3.5-turbo-0301,phi-1.5,5527.0,1921.0,18340.0,0.34830970556161395,0.2435659760087241,0.2954490409522525,0.0040536420924310495,0.003979170766484873,0.0,0.003979170766484873,3.9164105684786135e-150,safim
225,gpt-3.5-turbo-0301,phi-2,5473.0,1091.0,18340.0,0.34830970556161395,0.28882224645583426,0.3184264537172652,0.004033791000693932,0.0040098025948634005,0.0,0.0040098025948634005,1.8872456923535963e-49,safim
226,gpt-3.5-turbo-0301,starcoderbase-16b,5914.0,-2736.0,18340.0,0.34830970556161395,0.4974918211559433,0.3710408182597738,0.004193158981402482,0.004045874177323877,0.0,0.004045874177323876,9.055527992679241e-288,safim
227,gpt-3.5-turbo-0301,wizardcoder-15b,5714.0,-2304.0,18340.0,0.34830970556161395,0.47393675027262816,0.3794418034866476,0.004121646933252837,0.004015898601763143,0.0,0.004015898601763142,1.029845110052188e-209,safim
228,gpt-3.5-turbo-0301,wizardcoder-1b,5669.0,21.0,18340.0,0.34830970556161395,0.347164667393675,0.31860004571508865,0.00410538505650623,0.004105376349734406,0.0,0.004105376349734406,0.7905271420757001,safim
229,gpt-3.5-turbo-0301,wizardcoder-33b,6842.0,-4242.0,18248.0,0.34853134590092066,0.5809951775537046,0.31813596676163,0.004532901298752788,0.004193543230376197,0.0,0.004193543230376198,0.0,safim
230,gpt-3.5-turbo-0301,wizardcoder-3b,5675.0,-1129.0,18340.0,0.34830970556161395,0.4098691384950927,0.3482983943153165,0.004107557026531997,0.004082327324543365,0.0,0.004082327324543365,5.160250379623509e-51,safim
231,gpt-4-1106-preview,codegen-16b,6879.0,3327.0,18340.0,0.4890403489640131,0.30763358778625954,0.26159701092984927,0.004522341175516677,0.004319400172923039,0.0,0.004319400172923039,0.0,safim
232,gpt-4-1106-preview,codegen-2b,7157.0,3787.0,18340.0,0.4890403489640131,0.28255179934569247,0.23325104023585339,0.004612816486817746,0.004353531711859681,0.0,0.004353531711859681,0.0,safim
233,gpt-4-1106-preview,codegen-350m,7592.0,5072.0,18340.0,0.4890403489640131,0.21248636859323883,0.19497656796144017,0.004750931496355935,0.004289652130599342,0.0,0.004289652130599343,0.0,safim
234,gpt-4-1106-preview,codegen-6b,6998.0,3644.0,18340.0,0.4890403489640131,0.29034896401308613,0.2508388338819854,0.004561289504550573,0.004318886975980743,0.0,0.004318886975980743,0.0,safim
235,gpt-4-1106-preview,codellama-13b,6244.0,-82.0,18340.0,0.4890403489640131,0.4935114503816794,0.31890298623098723,0.0043085597088633396,0.0043084332136841715,0.0,0.004308433213684171,0.30532977964923813,safim
236,gpt-4-1106-preview,codellama-34b,6308.0,478.0,18340.0,0.4890403489640131,0.4629770992366412,0.3114111430442197,0.004330584438749134,0.004326305895924174,0.0,0.004326305895924174,1.8711906928888265e-09,safim
237,gpt-4-1106-preview,codellama-7b,6452.0,924.0,18340.0,0.4890403489640131,0.4386586695747001,0.2960189151397183,0.004379735142425998,0.004363906137411634,0.0,0.004363906137411634,1.1679163944669207e-30,safim
238,gpt-4-1106-preview,deepseek-coder-1.3b,6299.0,173.0,18340.0,0.4890403489640131,0.4796074154852781,0.3125272341315067,0.004327493984408827,0.004326933380818379,0.0,0.004326933380818379,0.03021394295748891,safim
239,gpt-4-1106-preview,deepseek-coder-33b,6089.0,-3137.0,18340.0,0.4890403489640131,0.6600872410032715,0.3621515096126114,0.004254746166826478,0.00406295539381288,0.0,0.00406295539381288,0.0,safim
240,gpt-4-1106-preview,deepseek-coder-6.7b,5978.0,-2098.0,18340.0,0.4890403489640131,0.6034351145038168,0.36050918909525587,0.004215786647781397,0.004130293676008404,0.0,0.004130293676008404,1.9327579524810318e-165,safim
241,gpt-4-1106-preview,gpt-3.5-turbo-0301,6575.0,2581.0,18340.0,0.4890403489640131,0.34830970556161395,0.29007595652231866,0.004421285370836111,0.004297426912844349,0.0,0.004297426912844349,3.4881557255618445e-228,safim
242,gpt-4-1106-preview,incoder-1b,7693.0,4817.0,18340.0,0.4890403489640131,0.22639040348964012,0.17815025482105798,0.004782429040512087,0.0043715188985943105,0.0,0.0043715188985943105,0.0,safim
243,gpt-4-1106-preview,incoder-6b,7424.0,3962.0,18340.0,0.4890403489640131,0.27300981461286805,0.20257413583518646,0.004698071805569905,0.004418960482426886,0.0,0.004418960482426885,0.0,safim
244,gpt-4-1106-preview,mixtral-8x7b,6371.0,1221.0,18340.0,0.4890403489640131,0.4224645583424209,0.3056047449324621,0.004352156172913278,0.004324301962094742,0.0,0.0043243019620947416,4.688188270289608e-53,safim
245,gpt-4-1106-preview,phi-1.5,7320.0,4502.0,18340.0,0.4890403489640131,0.2435659760087241,0.22196402521259087,0.00466504899372027,0.0042984991559815965,0.0,0.0042984991559815965,0.0,safim
246,gpt-4-1106-preview,phi-2,6942.0,3672.0,18340.0,0.4890403489640131,0.28882224645583426,0.2578958676477877,0.004543002474142464,0.004295705638676294,0.0,0.004295705638676294,0.0,safim
247,gpt-4-1106-preview,starcoderbase-16b,6291.0,-155.0,18340.0,0.4890403489640131,0.4974918211559433,0.31392797767708386,0.004324745059891696,0.0043242947644967986,0.0,0.0043242947644967986,0.05217630754820451,safim
248,gpt-4-1106-preview,wizardcoder-15b,6353.0,277.0,18340.0,0.4890403489640131,0.47393675027262816,0.30654510686119446,0.00434600374612632,0.0043445725044639425,0.0,0.0043445725044639425,0.0005337166493824034,safim
249,gpt-4-1106-preview,wizardcoder-1b,6870.0,2602.0,18340.0,0.4890403489640131,0.347164667393675,0.25645089310953917,0.0045193818506220505,0.004396280454061002,0.0,0.004396280454061003,1.393084844537826e-221,safim
250,gpt-4-1106-preview,wizardcoder-33b,6187.0,-1663.0,18248.0,0.48986190267426566,0.5809951775537046,0.3296029878287277,0.004310471577154851,0.004257350331423722,0.0,0.004257350331423722,2.6773065797600855e-100,safim
251,gpt-4-1106-preview,wizardcoder-3b,6676.0,1452.0,18340.0,0.4890403489640131,0.4098691384950927,0.27255178375282835,0.004455114114681679,0.004416590398887728,0.0,0.004416590398887727,4.169953482475671e-71,safim
252,incoder-1b,codegen-16b,4688.0,-1490.0,18340.0,0.22639040348964012,0.30763358778625954,0.3601440477300636,0.0037333135809430075,0.003684798006172058,0.0,0.003684798006172058,1.1658281518507896e-106,safim
253,incoder-1b,codegen-2b,4402.0,-1030.0,18340.0,0.22639040348964012,0.28255179934569247,0.3741216663246828,0.0036176428386910297,0.0035937946933644388,0.0,0.0035937946933644383,9.803747613509262e-55,safim
254,incoder-1b,codegen-350m,3861.0,255.0,18340.0,0.22639040348964012,0.21248636859323883,0.38595045164126557,0.003388055917754849,0.003386499946611327,0.0,0.003386499946611327,4.329878442111066e-05,safim
255,incoder-1b,codegen-6b,4497.0,-1173.0,18340.0,0.22639040348964012,0.29034896401308613,0.36868249216283133,0.0036564708242745885,0.0036258421152173554,0.0,0.0036258421152173554,3.6278058579982516e-69,safim
256,incoder-1b,codellama-13b,6705.0,-4899.0,18340.0,0.22639040348964012,0.4935114503816794,0.3127065669491594,0.004464779955492753,0.004005453450165697,0.0,0.004005453450165698,0.0,safim
257,incoder-1b,codellama-34b,6547.0,-4339.0,18340.0,0.22639040348964012,0.4629770992366412,0.2941471253522578,0.004411861183020164,0.004051239532284046,0.0,0.004051239532284046,0.0,safim
258,incoder-1b,codellama-7b,6305.0,-3893.0,18340.0,0.22639040348964012,0.4386586695747001,0.29530200495285913,0.004329554532411193,0.004035868770854501,0.0,0.004035868770854501,0.0,safim
259,incoder-1b,deepseek-coder-1.3b,6036.0,-4644.0,18340.0,0.22639040348964012,0.4796074154852781,0.38198123877527534,0.004236188571331522,0.003801206759526999,0.0,0.0038012067595269996,0.0,safim
260,incoder-1b,deepseek-coder-33b,8646.0,-7954.0,18340.0,0.22639040348964012,0.6600872410032715,0.2930255628065172,0.005070003793286075,0.003930528284238358,0.0,0.003930528284238358,0.0,safim
261,incoder-1b,deepseek-coder-6.7b,7853.0,-6915.0,18340.0,0.22639040348964012,0.6034351145038168,0.3136267023644307,0.004831905893979351,0.003949152243125944,0.0,0.003949152243125944,0.0,safim
262,incoder-1b,gpt-3.5-turbo-0301,6032.0,-2236.0,18340.0,0.22639040348964012,0.34830970556161395,0.22091281216565478,0.004234784697698495,0.004137984445777851,0.0,0.004137984445777851,1.8175071630819044e-186,safim
263,incoder-1b,gpt-4-1106-preview,7693.0,-4817.0,18340.0,0.22639040348964012,0.4890403489640131,0.178150254821058,0.004782429040512087,0.0043715188985943105,0.0,0.0043715188985943105,0.0,safim
264,incoder-1b,incoder-6b,2937.0,-855.0,18340.0,0.22639040348964012,0.27300981461286805,0.5783167283192446,0.002954967045766462,0.002934846828564332,0.0,0.002934846828564332,9.861865432880297e-57,safim
265,incoder-1b,mixtral-8x7b,6054.0,-3596.0,18340.0,0.22639040348964012,0.4224645583424209,0.30832853840337415,0.004242500253855378,0.0039878022300962115,0.0,0.0039878022300962115,0.0,safim
266,incoder-1b,phi-1.5,4163.0,-315.0,18340.0,0.22639040348964012,0.2435659760087241,0.36932221283636607,0.003518065120379179,0.0035157783086201396,0.0,0.0035157783086201388,1.1226477340745046e-06,safim
267,incoder-1b,phi-2,4483.0,-1145.0,18340.0,0.22639040348964012,0.28882224645583426,0.3690686027865973,0.0036507747496533696,0.003621550748905311,0.0,0.003621550748905311,3.705034385893942e-66,safim
268,incoder-1b,starcoderbase-16b,6302.0,-4972.0,18340.0,0.22639040348964012,0.4974918211559433,0.3703964142178388,0.004328524381022757,0.003837800020242091,0.0,0.0038378000202420916,0.0,safim
269,incoder-1b,wizardcoder-15b,6062.0,-4540.0,18340.0,0.22639040348964012,0.47393675027262816,0.37136584363249747,0.00424530243398511,0.0038316192776625137,0.0,0.003831619277662514,0.0,safim
270,incoder-1b,wizardcoder-1b,4523.0,-2215.0,18340.0,0.22639040348964012,0.347164667393675,0.4260008354249423,0.0036670257747787077,0.0035569290381179176,0.0,0.003556929038117918,4.131102297965365e-248,safim
271,incoder-1b,wizardcoder-33b,7944.0,-6480.0,18248.0,0.2258877685225778,0.5809951775537046,0.26431626453433044,0.0048843226556679505,0.004116575246716982,0.0,0.004116575246716982,0.0,safim
272,incoder-1b,wizardcoder-3b,5287.0,-3365.0,18340.0,0.22639040348964012,0.4098691384950927,0.3945243363057413,0.003964654291665319,0.0037259775380825712,0.0,0.0037259775380825712,0.0,safim
273,incoder-6b,codegen-16b,4567.0,-635.0,18340.0,0.27300981461286805,0.30763358778625954,0.3979697761212175,0.0036848191229821056,0.003675938837671348,0.0,0.0036759388376713486,5.639154601545129e-21,safim
274,incoder-6b,codegen-2b,4367.0,-175.0,18340.0,0.27300981461286805,0.28255179934569247,0.4067344219063758,0.0036032323222588395,0.0036025433569331212,0.0,0.0036025433569331212,0.008454979904271017,safim
275,incoder-6b,codegen-350m,4294.0,1110.0,18340.0,0.27300981461286805,0.21248636859323883,0.3713237501192856,0.0035729890786054255,0.0035449286046393205,0.0,0.003544928604639321,5.84009461930061e-65,safim
276,incoder-6b,codegen-6b,4382.0,-318.0,18340.0,0.27300981461286805,0.29034896401308613,0.4101639736119411,0.003609415302821236,0.003607143733068342,0.0,0.003607143733068341,1.6614980281080513e-06,safim
277,incoder-6b,codellama-13b,6172.0,-4044.0,18340.0,0.27300981461286805,0.4935114503816794,0.3603447103760049,0.004283646530294952,0.003962138140533378,0.0,0.003962138140533378,0.0,safim
278,incoder-6b,codellama-34b,6042.0,-3484.0,18340.0,0.27300981461286805,0.4629770992366412,0.34605992161789606,0.004238293509881958,0.003999429276192786,0.0,0.003999429276192786,0.0,safim
279,incoder-6b,codellama-7b,5848.0,-3038.0,18340.0,0.27300981461286805,0.4386586695747001,0.3466915691555526,0.004169695593087276,0.003986251753581081,0.0,0.003986251753581081,0.0,safim
280,incoder-6b,deepseek-coder-1.3b,5473.0,-3789.0,18340.0,0.27300981461286805,0.4796074154852781,0.432056215268368,0.004033791000693932,0.0037341901418893237,0.0,0.0037341901418893237,0.0,safim
281,incoder-6b,deepseek-coder-33b,7955.0,-7099.0,18340.0,0.27300981461286805,0.6600872410032715,0.3291644477278891,0.004863184662003235,0.0039345963553847375,0.0,0.0039345963553847375,0.0,safim
282,incoder-6b,deepseek-coder-6.7b,7098.0,-6060.0,18340.0,0.27300981461286805,0.6034351145038168,0.3669328896219257,0.00459376385383327,0.0038922372058348433,0.0,0.0038922372058348424,0.0,safim
283,incoder-6b,gpt-3.5-turbo-0301,5955.0,-1381.0,18340.0,0.27300981461286805,0.34830970556161395,0.2507261244963294,0.004207668837670768,0.004170768841632911,0.0,0.004170768841632911,3.7112261551966654e-72,safim
284,incoder-6b,gpt-4-1106-preview,7424.0,-3962.0,18340.0,0.27300981461286805,0.4890403489640131,0.2025741358351865,0.004698071805569905,0.004418960482426886,0.0,0.004418960482426885,0.0,safim
285,incoder-6b,incoder-1b,2937.0,855.0,18340.0,0.27300981461286805,0.22639040348964012,0.5783167283192446,0.002954967045766462,0.002934846828564332,0.0,0.002934846828564332,9.861865432880297e-57,safim
286,incoder-6b,mixtral-8x7b,5675.0,-2741.0,18340.0,0.27300981461286805,0.4224645583424209,0.3530143108520493,0.004107557026531997,0.003956526385481509,0.0,0.00395652638548151,5.212551350330142e-302,safim
287,incoder-6b,phi-1.5,4360.0,540.0,18340.0,0.27300981461286805,0.2435659760087241,0.381360671723232,0.0036003432975396242,0.0035937725906222263,0.0,0.0035937725906222263,3.0027457657011237e-16,safim
288,incoder-6b,phi-2,4470.0,-290.0,18340.0,0.27300981461286805,0.28882224645583426,0.39720643009519124,0.003645477568254477,0.0036436072091399637,0.0,0.003643607209139964,1.532130277694093e-05,safim
289,incoder-6b,starcoderbase-16b,5669.0,-4117.0,18340.0,0.27300981461286805,0.4974918211559433,0.42593817125823585,0.00410538505650623,0.0037558649770726813,0.0,0.003755864977072681,0.0,safim
290,incoder-6b,wizardcoder-15b,5511.0,-3685.0,18340.0,0.27300981461286805,0.47393675027262816,0.4218408466365433,0.004047770436852228,0.00376605322313512,0.0,0.00376605322313512,0.0,safim
291,incoder-6b,wizardcoder-1b,4304.0,-1360.0,18340.0,0.27300981461286805,0.347164667393675,0.46191757859366783,0.003577147102913135,0.003534989126551317,0.0,0.0035349891265513173,6.186622456057162e-97,safim
292,incoder-6b,wizardcoder-33b,7341.0,-5631.0,18248.0,0.27241341516878564,0.5809951775537046,0.30632737276685196,0.00469528911955107,0.004102131840584461,0.0,0.004102131840584461,0.0,safim
293,incoder-6b,wizardcoder-3b,4788.0,-2510.0,18340.0,0.27300981461286805,0.4098691384950927,0.45187151927450536,0.0037729212414408272,0.0036350576096303255,0.0,0.003635057609630325,1.2258572036761633e-302,safim
294,mixtral-8x7b,codegen-16b,4342.0,2106.0,18340.0,0.4224645583424209,0.30763358778625954,0.5119616511831564,0.0035929037098223707,0.0034914143084021445,0.0,0.003491414308402144,1.5152344782924256e-233,safim
295,mixtral-8x7b,codegen-2b,4616.0,2566.0,18340.0,0.4224645583424209,0.28255179934569247,0.4824478186306806,0.003704533860733485,0.0035575553887416183,0.0,0.0035575553887416183,0.0,safim
296,mixtral-8x7b,codegen-350m,5401.0,3851.0,18340.0,0.4224645583424209,0.21248636859323883,0.39820494214206825,0.004007169907671347,0.00369504126658021,0.0,0.0036950412665802093,0.0,safim
297,mixtral-8x7b,codegen-6b,4477.0,2423.0,18340.0,0.4224645583424209,0.29034896401308613,0.49813077513836634,0.0036483308524144172,0.0035154798820657847,0.0,0.0035154798820657843,1.012098175185963e-302,safim
298,mixtral-8x7b,codellama-13b,4217.0,-1303.0,18340.0,0.4224645583424209,0.4935114503816794,0.5447535025428242,0.003540808744831891,0.0035017281010263136,0.0,0.003501728101026314,7.320026290425853e-91,safim
299,mixtral-8x7b,codellama-34b,3549.0,-743.0,18340.0,0.4224645583424209,0.4629770992366412,0.6105359369306178,0.0032482815722151537,0.003234477100900112,0.0,0.003234477100900112,7.3711759457747e-36,safim
300,mixtral-8x7b,codellama-7b,4297.0,-297.0,18340.0,0.4224645583424209,0.4386586695747001,0.5226040345892825,0.003574236993799866,0.0035722361041329075,0.0,0.0035722361041329075,6.265263555747054e-06,safim
301,mixtral-8x7b,deepseek-coder-1.3b,4466.0,-1048.0,18340.0,0.4224645583424209,0.4796074154852781,0.5132834360889833,0.003643846117034596,0.003619333040880411,0.0,0.0036193330408804104,8.048403376525873e-56,safim
302,mixtral-8x7b,deepseek-coder-33b,5766.0,-4358.0,18340.0,0.4224645583424209,0.6600872410032715,0.4496856321292693,0.004140358889110061,0.00375017430510835,0.0,0.0037501743051083503,0.0,safim
303,mixtral-8x7b,deepseek-coder-6.7b,5063.0,-3319.0,18340.0,0.4224645583424209,0.6034351145038168,0.496571609611333,0.0038797579557732203,0.0036423603406507453,0.0,0.0036423603406507458,0.0,safim
304,mixtral-8x7b,gpt-3.5-turbo-0301,5876.0,1360.0,18340.0,0.4224645583424209,0.34830970556161395,0.33162126576912854,0.004179665844435507,0.004143642515963097,0.0,0.004143642515963097,6.007020109947445e-71,safim
305,mixtral-8x7b,gpt-4-1106-preview,6371.0,-1221.0,18340.0,0.4224645583424209,0.4890403489640131,0.3056047449324621,0.004352156172913278,0.004324301962094742,0.0,0.0043243019620947416,4.688188270289608e-53,safim
306,mixtral-8x7b,incoder-1b,6054.0,3596.0,18340.0,0.4224645583424209,0.22639040348964012,0.3083285384033742,0.004242500253855378,0.0039878022300962115,0.0,0.0039878022300962115,0.0,safim
307,mixtral-8x7b,incoder-6b,5675.0,2741.0,18340.0,0.4224645583424209,0.27300981461286805,0.3530143108520493,0.004107557026531997,0.003956526385481509,0.0,0.00395652638548151,5.212551350330142e-302,safim
308,mixtral-8x7b,phi-1.5,5027.0,3281.0,18340.0,0.4224645583424209,0.2435659760087241,0.43895291200430736,0.0038659400165056,0.003633237636708593,0.0,0.003633237636708593,0.0,safim
309,mixtral-8x7b,phi-2,4521.0,2451.0,18340.0,0.4224645583424209,0.28882224645583426,0.4930220568856437,0.0036662149343542508,0.0035309049348317702,0.0,0.00353090493483177,8.826699866070755e-307,safim
310,mixtral-8x7b,starcoderbase-16b,4524.0,-1376.0,18340.0,0.4224645583424209,0.4974918211559433,0.5120749944738777,0.003667431127764501,0.003625344315501961,0.0,0.0036253443155019605,2.459703615835901e-94,safim
311,mixtral-8x7b,wizardcoder-15b,4572.0,-944.0,18340.0,0.4224645583424209,0.47393675027262816,0.5000549619252304,0.0036868356607147146,0.0036671920765929183,0.0,0.0036671920765929183,1.64334964900596e-44,safim
312,mixtral-8x7b,wizardcoder-1b,4675.0,1381.0,18340.0,0.4224645583424209,0.347164667393675,0.4707373245767606,0.003728133678074521,0.003686436816822406,0.0,0.0036864368168224066,6.420716897534102e-92,safim
313,mixtral-8x7b,wizardcoder-33b,5765.0,-2891.0,18248.0,0.42256685664182375,0.5809951775537046,0.4033664704854926,0.004160872264955769,0.003992166128767669,0.0,0.003992166128767669,0.0,safim
314,mixtral-8x7b,wizardcoder-3b,4605.0,231.0,18340.0,0.4224645583424209,0.4098691384950927,0.4835400525633787,0.0037001172469626055,0.003698948153856206,0.0,0.003698948153856206,0.0006990096458051273,safim
315,phi-1.5,codegen-16b,2955.0,-1175.0,18340.0,0.2435659760087241,0.30763358778625954,0.6063134159187765,0.002964008271521676,0.0029260102416897834,0.0,0.0029260102416897834,2.729313284714103e-106,safim
316,phi-1.5,codegen-2b,2719.0,-715.0,18340.0,0.2435659760087241,0.28255179934569247,0.6215065211983256,0.0028431860031589294,0.0028285744558342128,0.0,0.0028285744558342128,3.699050636546782e-43,safim
317,phi-1.5,codegen-350m,2764.0,570.0,18340.0,0.2435659760087241,0.21248636859323883,0.5747476882172634,0.0028666171053642127,0.002857415796779664,0.0,0.0028574157967796643,1.760768931021157e-27,safim
318,phi-1.5,codegen-6b,2838.0,-858.0,18340.0,0.2435659760087241,0.29034896401308613,0.610074664961365,0.0029047373177463914,0.0028841223071063775,0.0,0.0028841223071063775,4.085577529038506e-59,safim
319,phi-1.5,codellama-13b,5994.0,-4584.0,18340.0,0.2435659760087241,0.4935114503816794,0.3957282821920759,0.004221424613052543,0.003796585364941318,0.0,0.0037965853649413175,0.0,safim
320,phi-1.5,codellama-34b,5494.0,-4024.0,18340.0,0.2435659760087241,0.4629770992366412,0.42388984557967474,0.004041522455879264,0.0037025629514366772,0.0,0.003702562951436677,0.0,safim
321,phi-1.5,codellama-7b,5388.0,-3578.0,18340.0,0.2435659760087241,0.4386586695747001,0.4102335521274867,0.004002344450055086,0.0037340932676952596,0.0,0.00373409326769526,0.0,safim
322,phi-1.5,deepseek-coder-1.3b,5623.0,-4329.0,18340.0,0.2435659760087241,0.4796074154852781,0.4265648997903857,0.004088694955358274,0.003698580880569138,0.0,0.0036985808805691375,0.0,safim
323,phi-1.5,deepseek-coder-33b,8343.0,-7639.0,18340.0,0.2435659760087241,0.6600872410032715,0.312799698235915,0.004980372087558887,0.003917200154059851,0.0,0.003917200154059851,0.0,safim
324,phi-1.5,deepseek-coder-6.7b,7484.0,-6600.0,18340.0,0.2435659760087241,0.6034351145038168,0.34522971293320465,0.004717018266931771,0.003897290924716374,0.0,0.003897290924716374,0.0,safim
325,phi-1.5,gpt-3.5-turbo-0301,5527.0,-1921.0,18340.0,0.2435659760087241,0.34830970556161395,0.29544904095225255,0.0040536420924310495,0.003979170766484873,0.0,0.003979170766484873,3.9164105684786135e-150,safim
326,phi-1.5,gpt-4-1106-preview,7320.0,-4502.0,18340.0,0.2435659760087241,0.4890403489640131,0.22196402521259087,0.00466504899372027,0.0042984991559815965,0.0,0.0042984991559815965,0.0,safim
327,phi-1.5,incoder-1b,4163.0,315.0,18340.0,0.2435659760087241,0.22639040348964012,0.36932221283636607,0.003518065120379179,0.0035157783086201396,0.0,0.0035157783086201388,1.1226477340745046e-06,safim
328,phi-1.5,incoder-6b,4360.0,-540.0,18340.0,0.2435659760087241,0.27300981461286805,0.38136067172323207,0.0036003432975396242,0.0035937725906222263,0.0,0.0035937725906222263,3.0027457657011237e-16,safim
329,phi-1.5,mixtral-8x7b,5027.0,-3281.0,18340.0,0.2435659760087241,0.4224645583424209,0.43895291200430736,0.0038659400165056,0.003633237636708593,0.0,0.003633237636708593,0.0,safim
330,phi-1.5,phi-2,2724.0,-830.0,18340.0,0.2435659760087241,0.28882224645583426,0.6249918903398943,0.0028457989859759845,0.002826109745791352,0.0,0.002826109745791352,1.0873239118326411e-57,safim
331,phi-1.5,starcoderbase-16b,5745.0,-4657.0,18340.0,0.2435659760087241,0.4974918211559433,0.43208683344619375,0.00413281233623494,0.0036829901125210425,0.0,0.0036829901125210434,0.0,safim
332,phi-1.5,wizardcoder-15b,5469.0,-4225.0,18340.0,0.2435659760087241,0.47393675027262816,0.4395946794642161,0.004032316661828642,0.0036559355592129137,0.0,0.003655935559212914,0.0,safim
333,phi-1.5,wizardcoder-1b,3786.0,-1900.0,18340.0,0.2435659760087241,0.347164667393675,0.5265162128329168,0.003354988018084004,0.0032666095591149685,0.0,0.0032666095591149685,7.793412693995501e-219,safim
334,phi-1.5,wizardcoder-33b,7232.0,-6150.0,18248.0,0.24397194213064446,0.5809951775537046,0.3425092715378168,0.004660300663189237,0.003936229551429429,0.0,0.003936229551429429,0.0,safim
335,phi-1.5,wizardcoder-3b,4638.0,-3050.0,18340.0,0.2435659760087241,0.4098691384950927,0.47580247022712174,0.0037133513291126327,0.0035044224776524593,0.0,0.0035044224776524593,0.0,safim
336,phi-2,codegen-16b,2741.0,-345.0,18340.0,0.28882224645583426,0.30763358778625954,0.6437455657455027,0.002854665237231935,0.002851283714477012,0.0,0.002851283714477012,4.734444218889116e-11,safim
337,phi-2,codegen-2b,2745.0,115.0,18340.0,0.28882224645583426,0.28255179934569247,0.6333729399926074,0.002856747414924697,0.0028563721617521102,0.0,0.0028563721617521102,0.029546252699115903,safim
338,phi-2,codegen-350m,3282.0,1400.0,18340.0,0.28882224645583426,0.21248636859323883,0.5383464608272222,0.0031237045992153767,0.0030724258379228463,0.0,0.0030724258379228463,6.0415321655556436e-136,safim
339,phi-2,codegen-6b,2732.0,-28.0,18340.0,0.28882224645583426,0.29034896401308613,0.6379603413290476,0.0028499747754355464,0.0028499524783163394,0.0,0.002849952478316339,0.6054692212831877,safim
340,phi-2,codellama-13b,5344.0,-3754.0,18340.0,0.28882224645583426,0.4935114503816794,0.45429178541948856,0.0039859687857136455,0.0036882855666432635,0.0,0.003688285566643264,0.0,safim
341,phi-2,codellama-34b,4834.0,-3194.0,18340.0,0.28882224645583426,0.4629770992366412,0.48849660712696175,0.0037910018093279597,0.003566221699162941,0.0,0.003566221699162941,0.0,safim
342,phi-2,codellama-7b,4928.0,-2748.0,18340.0,0.28882224645583426,0.4386586695747001,0.45663346389905324,0.0038276834841405112,0.0036642882701687658,0.0,0.0036642882701687653,0.0,safim
343,phi-2,deepseek-coder-1.3b,5131.0,-3499.0,18340.0,0.28882224645583426,0.4796074154852781,0.467310767423524,0.0039057251295629707,0.003642802703972101,0.0,0.003642802703972101,0.0,safim
344,phi-2,deepseek-coder-33b,7629.0,-6809.0,18340.0,0.28882224645583426,0.6600872410032715,0.35317377133867855,0.004762494379129256,0.0038943119927435394,0.0,0.0038943119927435394,0.0,safim
345,phi-2,deepseek-coder-6.7b,6764.0,-5770.0,18340.0,0.28882224645583426,0.6034351145038168,0.3943855856600033,0.004484380631396312,0.0038357078300810736,0.0,0.003835707830081073,0.0,safim
346,phi-2,gpt-3.5-turbo-0301,5473.0,-1091.0,18340.0,0.28882224645583426,0.34830970556161395,0.31842645371726513,0.004033791000693932,0.0040098025948634005,0.0,0.0040098025948634005,1.8872456923535963e-49,safim
347,phi-2,gpt-4-1106-preview,6942.0,-3672.0,18340.0,0.28882224645583426,0.4890403489640131,0.25789586764778766,0.004543002474142464,0.004295705638676294,0.0,0.004295705638676294,0.0,safim
348,phi-2,incoder-1b,4483.0,1145.0,18340.0,0.28882224645583426,0.22639040348964012,0.3690686027865973,0.0036507747496533696,0.003621550748905311,0.0,0.003621550748905311,3.705034385893942e-66,safim
349,phi-2,incoder-6b,4470.0,290.0,18340.0,0.28882224645583426,0.27300981461286805,0.39720643009519124,0.003645477568254477,0.0036436072091399637,0.0,0.003643607209139964,1.532130277694093e-05,safim
350,phi-2,mixtral-8x7b,4521.0,-2451.0,18340.0,0.28882224645583426,0.4224645583424209,0.49302205688564377,0.0036662149343542508,0.0035309049348317702,0.0,0.00353090493483177,8.826699866070755e-307,safim
351,phi-2,phi-1.5,2724.0,830.0,18340.0,0.28882224645583426,0.2435659760087241,0.6249918903398944,0.0028457989859759845,0.002826109745791352,0.0,0.002826109745791352,1.0873239118326411e-57,safim
352,phi-2,starcoderbase-16b,5139.0,-3827.0,18340.0,0.28882224645583426,0.4974918211559433,0.4826321891752884,0.003908768749841391,0.003592250580060911,0.0,0.0035922505800609116,0.0,safim
353,phi-2,wizardcoder-15b,4887.0,-3395.0,18340.0,0.28882224645583426,0.47393675027262816,0.49166107837096584,0.003811727436553231,0.003558203998491878,0.0,0.0035582039984918775,0.0,safim
354,phi-2,wizardcoder-1b,3664.0,-1070.0,18340.0,0.28882224645583426,0.347164667393675,0.5461290346915686,0.0033004898474201867,0.0032722525616468894,0.0,0.00327225256164689,8.563438795527442e-71,safim
355,phi-2,wizardcoder-33b,6510.0,-5312.0,18248.0,0.2898947829899167,0.5809951775537046,0.39596903523154703,0.004421556938611204,0.003860880713624275,0.0,0.003860880713624275,0.0,safim
356,phi-2,wizardcoder-3b,4304.0,-2220.0,18340.0,0.28882224645583426,0.4098691384950927,0.5097781271817665,0.003577147102913135,0.0034636762002972477,0.0,0.0034636762002972473,3.7187581077042194e-263,safim
357,starcoderbase-16b,codegen-16b,4846.0,3482.0,18340.0,0.4974918211559433,0.30763358778625954,0.5087750139096747,0.003795704314930668,0.0035273123453561446,0.0,0.003527312345356145,0.0,safim
358,starcoderbase-16b,codegen-2b,5184.0,3942.0,18340.0,0.4974918211559433,0.28255179934569247,0.48030151402956467,0.003925845147219193,0.003590712890703923,0.0,0.0035907128907039236,0.0,safim
359,starcoderbase-16b,codegen-350m,6207.0,5227.0,18340.0,0.4974918211559433,0.21248636859323883,0.391425189243676,0.004295775149687148,0.0037449526852596756,0.0,0.003744952685259676,0.0,safim
360,starcoderbase-16b,codegen-6b,5087.0,3799.0,18340.0,0.4974918211559433,0.29034896401308613,0.48814236917938164,0.003888942639265389,0.0035755112003906238,0.0,0.0035755112003906238,0.0,safim
361,starcoderbase-16b,codellama-13b,4095.0,73.0,18340.0,0.4974918211559433,0.4935114503816794,0.5534235809623018,0.0034892141233971987,0.0034890903299054066,0.0,0.0034890903299054066,0.2605282573530834,safim
362,starcoderbase-16b,codellama-34b,4401.0,633.0,18340.0,0.4974918211559433,0.4629770992366412,0.5211311168148417,0.003617231906351578,0.0036082422503360954,0.0,0.0036082422503360954,1.3877438017266914e-21,safim
363,starcoderbase-16b,codellama-7b,4309.0,1079.0,18340.0,0.4974918211559433,0.4386586695747001,0.5335196216703829,0.003579224303658955,0.003552761587411059,0.0,0.0035527615874110584,3.13558457153301e-61,safim
364,starcoderbase-16b,deepseek-coder-1.3b,3688.0,328.0,18340.0,0.4974918211559433,0.4796074154852781,0.5981195732730832,0.003311281668634455,0.0033086471797422624,0.0,0.0033086471797422624,7.1245490303828e-08,safim
365,starcoderbase-16b,deepseek-coder-33b,4614.0,-2982.0,18340.0,0.4974918211559433,0.6600872410032715,0.5261470147359862,0.0037037312317866294,0.003503728911164748,0.0,0.0035037289111647485,0.0,safim
366,starcoderbase-16b,deepseek-coder-6.7b,4009.0,-1943.0,18340.0,0.4974918211559433,0.6034351145038168,0.5763251931676645,0.0034523808327757317,0.003362579187238569,0.0,0.003362579187238569,1.9478290103277112e-215,safim
367,starcoderbase-16b,gpt-3.5-turbo-0301,5914.0,2736.0,18340.0,0.4974918211559433,0.34830970556161395,0.3710408182597738,0.004193158981402482,0.004045874177323877,0.0,0.004045874177323876,9.055527992679241e-288,safim
368,starcoderbase-16b,gpt-4-1106-preview,6291.0,155.0,18340.0,0.4974918211559433,0.4890403489640131,0.3139279776770839,0.004324745059891696,0.0043242947644967986,0.0,0.0043242947644967986,0.05217630754820451,safim
369,starcoderbase-16b,incoder-1b,6302.0,4972.0,18340.0,0.4974918211559433,0.22639040348964012,0.3703964142178388,0.004328524381022757,0.003837800020242091,0.0,0.0038378000202420916,0.0,safim
370,starcoderbase-16b,incoder-6b,5669.0,4117.0,18340.0,0.4974918211559433,0.27300981461286805,0.42593817125823585,0.00410538505650623,0.0037558649770726813,0.0,0.003755864977072681,0.0,safim
371,starcoderbase-16b,mixtral-8x7b,4524.0,1376.0,18340.0,0.4974918211559433,0.4224645583424209,0.5120749944738777,0.003667431127764501,0.003625344315501961,0.0,0.0036253443155019605,2.459703615835901e-94,safim
372,starcoderbase-16b,phi-1.5,5745.0,4657.0,18340.0,0.4974918211559433,0.2435659760087241,0.4320868334461937,0.00413281233623494,0.0036829901125210425,0.0,0.0036829901125210434,0.0,safim
373,starcoderbase-16b,phi-2,5139.0,3827.0,18340.0,0.4974918211559433,0.28882224645583426,0.4826321891752884,0.003908768749841391,0.003592250580060911,0.0,0.0035922505800609116,0.0,safim
374,starcoderbase-16b,wizardcoder-15b,2742.0,432.0,18340.0,0.4974918211559433,0.47393675027262816,0.7016827374643392,0.0028551859240100426,0.0028498830831045156,0.0,0.0028498830831045156,1.6150567137174712e-16,safim
375,starcoderbase-16b,wizardcoder-1b,4385.0,2757.0,18340.0,0.4974918211559433,0.347164667393675,0.5464374117088697,0.003610650628384581,0.003435784340828811,0.0,0.0034357843408288112,0.0,safim
376,starcoderbase-16b,wizardcoder-33b,4538.0,-1524.0,18248.0,0.49747917580008766,0.5809951775537046,0.5101919634772861,0.0036916198581980033,0.0036394817972287058,0.0,0.0036394817972287058,2.3541437953464087e-115,safim
377,starcoderbase-16b,wizardcoder-3b,3533.0,1607.0,18340.0,0.4974918211559433,0.4098691384950927,0.6240481159228527,0.0032409511672221547,0.003175709555282665,0.0,0.003175709555282666,9.441483050283016e-167,safim
378,wizardcoder-15b,codegen-16b,4706.0,3050.0,18340.0,0.47393675027262816,0.30763358778625954,0.5063610721591314,0.0037404739119176653,0.0035331492884096882,0.0,0.0035331492884096882,0.0,safim
379,wizardcoder-15b,codegen-2b,4988.0,3510.0,18340.0,0.47393675027262816,0.28255179934569247,0.48193460128859666,0.0038509146309726443,0.0035822294668241537,0.0,0.0035822294668241533,0.0,safim
380,wizardcoder-15b,codegen-350m,5917.0,4795.0,18340.0,0.47393675027262816,0.21248636859323883,0.39750407810977223,0.0041942223802905534,0.0037234837373008893,0.0,0.0037234837373008906,0.0,safim
381,wizardcoder-15b,codegen-6b,4887.0,3367.0,18340.0,0.47393675027262816,0.29034896401308613,0.49106949981364906,0.003811727436553231,0.0035625143371792348,0.0,0.003562514337179235,0.0,safim
382,wizardcoder-15b,codellama-13b,4313.0,-359.0,18340.0,0.47393675027262816,0.4935114503816794,0.5297502387145553,0.003580885196696678,0.003577966778526275,0.0,0.0035779667785262757,4.918083708108081e-08,safim
383,wizardcoder-15b,codellama-34b,4517.0,201.0,18340.0,0.47393675027262816,0.4629770992366412,0.5056292903792079,0.003664592715277329,0.003663699016073483,0.0,0.0036636990160734836,0.002918065311767963,safim
384,wizardcoder-15b,codellama-7b,4489.0,647.0,18340.0,0.47393675027262816,0.4386586695747001,0.5086021349226635,0.003653217011995638,0.0036439175416698912,0.0,0.0036439175416698912,4.5298991305944745e-22,safim
385,wizardcoder-15b,deepseek-coder-1.3b,3888.0,-104.0,18340.0,0.47393675027262816,0.4796074154852781,0.5751425513054028,0.0033998816288156805,0.003399623764431624,0.0,0.0033996237644316244,0.09854994720456654,safim
386,wizardcoder-15b,deepseek-coder-33b,5002.0,-3414.0,18340.0,0.47393675027262816,0.6600872410032715,0.49807612464698975,0.003856315094893549,0.00360301870648178,0.0,0.00360301870648178,0.0,safim
387,wizardcoder-15b,deepseek-coder-6.7b,4325.0,-2375.0,18340.0,0.47393675027262816,0.6034351145038168,0.5518071839149966,0.0035858632600779456,0.003456013602900933,0.0,0.003456013602900933,1.3112896602626833e-301,safim
388,wizardcoder-15b,gpt-3.5-turbo-0301,5714.0,2304.0,18340.0,0.47393675027262816,0.34830970556161395,0.3794418034866475,0.004121646933252837,0.004015898601763143,0.0,0.004015898601763142,1.029845110052188e-209,safim
389,wizardcoder-15b,gpt-4-1106-preview,6353.0,-277.0,18340.0,0.47393675027262816,0.4890403489640131,0.30654510686119446,0.00434600374612632,0.0043445725044639425,0.0,0.0043445725044639425,0.0005337166493824034,safim
390,wizardcoder-15b,incoder-1b,6062.0,4540.0,18340.0,0.47393675027262816,0.22639040348964012,0.37136584363249747,0.00424530243398511,0.0038316192776625137,0.0,0.003831619277662514,0.0,safim
391,wizardcoder-15b,incoder-6b,5511.0,3685.0,18340.0,0.47393675027262816,0.27300981461286805,0.4218408466365433,0.004047770436852228,0.00376605322313512,0.0,0.00376605322313512,0.0,safim
392,wizardcoder-15b,mixtral-8x7b,4572.0,944.0,18340.0,0.47393675027262816,0.4224645583424209,0.5000549619252304,0.0036868356607147146,0.0036671920765929183,0.0,0.0036671920765929183,1.64334964900596e-44,safim
393,wizardcoder-15b,phi-1.5,5469.0,4225.0,18340.0,0.47393675027262816,0.2435659760087241,0.4395946794642161,0.004032316661828642,0.0036559355592129137,0.0,0.003655935559212914,0.0,safim
394,wizardcoder-15b,phi-2,4887.0,3395.0,18340.0,0.47393675027262816,0.28882224645583426,0.49166107837096584,0.003811727436553231,0.003558203998491878,0.0,0.0035582039984918775,0.0,safim
395,wizardcoder-15b,starcoderbase-16b,2742.0,-432.0,18340.0,0.47393675027262816,0.4974918211559433,0.7016827374643392,0.0028551859240100426,0.0028498830831045156,0.0,0.0028498830831045156,1.6150567137174712e-16,safim
396,wizardcoder-15b,wizardcoder-1b,4251.0,2325.0,18340.0,0.47393675027262816,0.347164667393675,0.5473981004875297,0.0035550541576233456,0.0034295947184633316,0.0,0.003429594718463332,5.616872039974041e-294,safim
397,wizardcoder-15b,wizardcoder-33b,4667.0,-1953.0,18248.0,0.4739697501096011,0.5809951775537046,0.5042600621985779,0.0037437223154874115,0.003658927072423549,0.0,0.0036589270724235495,3.8900683674058355e-185,safim
398,wizardcoder-15b,wizardcoder-3b,3473.0,1175.0,18340.0,0.47393675027262816,0.4098691384950927,0.6229055702435292,0.003213313216610157,0.0031782971429471637,0.0,0.0031782971429471637,5.0644341100549625e-90,safim
399,wizardcoder-1b,codegen-16b,3543.0,725.0,18340.0,0.347164667393675,0.30763358778625954,0.5644082862700259,0.003245534610563387,0.0032323810681799577,0.0,0.003232381068179958,2.88639058940254e-34,safim
400,wizardcoder-1b,codegen-2b,3545.0,1185.0,18340.0,0.347164667393675,0.28255179934569247,0.5604021935734634,0.003246450522705386,0.003211200113650362,0.0,0.003211200113650362,1.1482893655441466e-89,safim
401,wizardcoder-1b,codegen-350m,4066.0,2470.0,18340.0,0.347164667393675,0.21248636859323883,0.48888357064337656,0.0034768372010752146,0.0033315758712720743,0.0,0.0033315758712720743,0.0,safim
402,wizardcoder-1b,codegen-6b,3524.0,1042.0,18340.0,0.347164667393675,0.29034896401308613,0.5640189492638642,0.0032368205190089054,0.003209516635156834,0.0,0.003209516635156834,7.48113392218659e-70,safim
403,wizardcoder-1b,codellama-13b,5126.0,-2684.0,18340.0,0.347164667393675,0.4935114503816794,0.4590444631104545,0.0039038216618688657,0.003751270110901477,0.0,0.003751270110901477,5e-323,safim
404,wizardcoder-1b,codellama-34b,4998.0,-2124.0,18340.0,0.347164667393675,0.4629770992366412,0.4553106757113397,0.0038547728772374344,0.003758716257742861,0.0,0.003758716257742861,1.751908357933609e-204,safim
405,wizardcoder-1b,codellama-7b,4828.0,-1678.0,18340.0,0.347164667393675,0.4386586695747001,0.46140266563877863,0.0037886483677295984,0.0037279235666372486,0.0,0.003727923566637249,2.26258769967563e-131,safim
406,wizardcoder-1b,deepseek-coder-1.3b,4509.0,-2429.0,18340.0,0.347164667393675,0.4796074154852781,0.5211789946980664,0.00366134612087231,0.0035283164466632278,0.0,0.003528316446663228,6.684819441817336e-302,safim
407,wizardcoder-1b,deepseek-coder-33b,6809.0,-5739.0,18340.0,0.347164667393675,0.6600872410032715,0.39393777118768786,0.004499272899863958,0.003860605903599951,0.0,0.003860605903599951,0.0,safim
408,wizardcoder-1b,deepseek-coder-6.7b,6080.0,-4700.0,18340.0,0.347164667393675,0.6034351145038168,0.42961342319736284,0.004251600586612416,0.0038072512343259534,0.0,0.003807251234325954,0.0,safim
409,wizardcoder-1b,gpt-3.5-turbo-0301,5669.0,-21.0,18340.0,0.347164667393675,0.34830970556161395,0.31860004571508865,0.00410538505650623,0.004105376349734406,0.0,0.004105376349734406,0.7905271420757001,safim
410,wizardcoder-1b,gpt-4-1106-preview,6870.0,-2602.0,18340.0,0.347164667393675,0.4890403489640131,0.25645089310953917,0.0045193818506220505,0.004396280454061002,0.0,0.004396280454061003,1.393084844537826e-221,safim
411,wizardcoder-1b,incoder-1b,4523.0,2215.0,18340.0,0.347164667393675,0.22639040348964012,0.4260008354249423,0.0036670257747787077,0.0035569290381179176,0.0,0.003556929038117918,4.131102297965365e-248,safim
412,wizardcoder-1b,incoder-6b,4304.0,1360.0,18340.0,0.347164667393675,0.27300981461286805,0.4619175785936679,0.003577147102913135,0.003534989126551317,0.0,0.0035349891265513173,6.186622456057162e-97,safim
413,wizardcoder-1b,mixtral-8x7b,4675.0,-1381.0,18340.0,0.347164667393675,0.4224645583424209,0.4707373245767606,0.003728133678074521,0.003686436816822406,0.0,0.0036864368168224066,6.420716897534102e-92,safim
414,wizardcoder-1b,phi-1.5,3786.0,1900.0,18340.0,0.347164667393675,0.2435659760087241,0.5265162128329168,0.003354988018084004,0.0032666095591149685,0.0,0.0032666095591149685,7.793412693995501e-219,safim
415,wizardcoder-1b,phi-2,3664.0,1070.0,18340.0,0.347164667393675,0.28882224645583426,0.5461290346915686,0.0033004898474201867,0.0032722525616468894,0.0,0.00327225256164689,8.563438795527442e-71,safim
416,wizardcoder-1b,starcoderbase-16b,4385.0,-2757.0,18340.0,0.347164667393675,0.4974918211559433,0.5464374117088697,0.003610650628384581,0.003435784340828811,0.0,0.0034357843408288112,0.0,safim
417,wizardcoder-1b,wizardcoder-15b,4251.0,-2325.0,18340.0,0.347164667393675,0.47393675027262816,0.5473981004875297,0.0035550541576233456,0.0034295947184633316,0.0,0.003429594718463332,5.616872039974041e-294,safim
418,wizardcoder-1b,wizardcoder-33b,6152.0,-4276.0,18248.0,0.3466681280140289,0.5809951775537046,0.39969363030996086,0.0042982620673230115,0.0039326842751099805,0.0,0.0039326842751099805,0.0,safim
419,wizardcoder-1b,wizardcoder-3b,3508.0,-1150.0,18340.0,0.347164667393675,0.4098691384950927,0.6004521497373786,0.003229464099228102,0.003196099457706483,0.0,0.003196099457706483,2.3124817297248274e-85,safim
420,wizardcoder-33b,codegen-16b,6305.0,4967.0,18248.0,0.5809951775537046,0.3088009644892591,0.4067917011277505,0.004351382624091476,0.0038567313585826505,0.0,0.0038567313585826505,0.0,safim
421,wizardcoder-33b,codegen-2b,6660.0,5434.0,18248.0,0.5809951775537046,0.28320911880754057,0.3826903130715295,0.004472206436454003,0.003891157866640783,0.0,0.003891157866640783,0.0,safim
422,wizardcoder-33b,codegen-350m,7620.0,6714.0,18248.0,0.5809951775537046,0.21306444541867603,0.31901030442059386,0.004783681026478561,0.003932568022218928,0.0,0.003932568022218929,0.0,safim
423,wizardcoder-33b,codegen-6b,6542.0,5282.0,18248.0,0.5809951775537046,0.2915387987724682,0.39080480683432,0.004432410730795965,0.003880051941732502,0.0,0.003880051941732502,0.0,safim
424,wizardcoder-33b,codellama-13b,5141.0,1589.0,18248.0,0.5809951775537046,0.4939171416045594,0.4444138403939088,0.0039292397567390076,0.003876002509643314,0.0,0.0038760025096433136,1.903477670262177e-110,safim
425,wizardcoder-33b,codellama-34b,5474.0,2144.0,18248.0,0.5809951775537046,0.46350284962735644,0.41849723761991553,0.00405449831501401,0.003960109294183319,0.0,0.003960109294183319,1.9850340349980356e-189,safim
426,wizardcoder-33b,codellama-7b,5622.0,2582.0,18248.0,0.5809951775537046,0.43950021920210436,0.4118492821689293,0.004108943299683362,0.003973193097983549,0.0,0.00397319309798355,1.4639315970713063e-269,safim
427,wizardcoder-33b,deepseek-coder-1.3b,5033.0,1849.0,18248.0,0.5809951775537046,0.4796690048224463,0.4614358274384951,0.003887748772586135,0.0038147023325115857,0.0,0.003814702332511586,4.3502635392327904e-153,safim
428,wizardcoder-33b,deepseek-coder-33b,3195.0,-1455.0,18248.0,0.5809951775537046,0.6607299430074529,0.6397053129078788,0.0030975630778304645,0.003040805057520017,0.0,0.003040805057520017,2.4143888533702103e-151,safim
429,wizardcoder-33b,deepseek-coder-6.7b,3943.0,-417.0,18248.0,0.5809951775537046,0.6038469969311705,0.5534164579018468,0.003441106518290136,0.003436945871836903,0.0,0.0034369458718369033,3.3355865444735795e-11,safim
430,wizardcoder-33b,gpt-3.5-turbo-0301,6842.0,4242.0,18248.0,0.5809951775537046,0.34853134590092066,0.3181359667616299,0.004532901298752788,0.004193543230376197,0.0,0.004193543230376198,0.0,safim
431,wizardcoder-33b,gpt-4-1106-preview,6187.0,1663.0,18248.0,0.5809951775537046,0.48986190267426566,0.3296029878287277,0.004310471577154851,0.004257350331423722,0.0,0.004257350331423722,2.6773065797600855e-100,safim
432,wizardcoder-33b,incoder-1b,7944.0,6480.0,18248.0,0.5809951775537046,0.2258877685225778,0.2643162645343304,0.0048843226556679505,0.004116575246716982,0.0,0.004116575246716982,0.0,safim
433,wizardcoder-33b,incoder-6b,7341.0,5631.0,18248.0,0.5809951775537046,0.27241341516878564,0.3063273727668519,0.00469528911955107,0.004102131840584461,0.0,0.004102131840584461,0.0,safim
434,wizardcoder-33b,mixtral-8x7b,5765.0,2891.0,18248.0,0.5809951775537046,0.42256685664182375,0.40336647048549257,0.004160872264955769,0.003992166128767669,0.0,0.003992166128767669,0.0,safim
435,wizardcoder-33b,phi-1.5,7232.0,6150.0,18248.0,0.5809951775537046,0.24397194213064446,0.3425092715378168,0.004660300663189237,0.003936229551429429,0.0,0.003936229551429429,0.0,safim
436,wizardcoder-33b,phi-2,6510.0,5312.0,18248.0,0.5809951775537046,0.2898947829899167,0.39596903523154703,0.004421556938611204,0.003860880713624275,0.0,0.003860880713624275,0.0,safim
437,wizardcoder-33b,starcoderbase-16b,4538.0,1524.0,18248.0,0.5809951775537046,0.49747917580008766,0.5101919634772861,0.0036916198581980033,0.0036394817972287053,0.0,0.0036394817972287058,2.3541437953464087e-115,safim
438,wizardcoder-33b,wizardcoder-15b,4667.0,1953.0,18248.0,0.5809951775537046,0.4739697501096011,0.5042600621985779,0.0037437223154874115,0.003658927072423549,0.0,0.0036589270724235495,3.8900683674058355e-185,safim
439,wizardcoder-33b,wizardcoder-1b,6152.0,4276.0,18248.0,0.5809951775537046,0.3466681280140289,0.39969363030996086,0.0042982620673230115,0.0039326842751099805,0.0,0.0039326842751099805,0.0,safim
440,wizardcoder-33b,wizardcoder-3b,5423.0,3125.0,18248.0,0.5809951775537046,0.409743533537922,0.4480557894160997,0.004035566701943153,0.00383127350832457,0.0,0.00383127350832457,0.0,safim
441,wizardcoder-3b,codegen-16b,4035.0,1875.0,18340.0,0.4098691384950927,0.30763358778625954,0.5403915621930603,0.0034635577891291703,0.00338028472548341,0.0,0.0033802847254834102,9.500522466221303e-199,safim
442,wizardcoder-3b,codegen-2b,4189.0,2335.0,18340.0,0.4098691384950927,0.28255179934569247,0.5247529356198344,0.003529034051316119,0.003401505110138337,0.0,0.0034015051101383372,1.4314922520352175e-301,safim
443,wizardcoder-3b,codegen-350m,4972.0,3620.0,18340.0,0.4098691384950927,0.21248636859323883,0.44007408954670224,0.003844733383599606,0.0035577603431559894,0.0,0.003557760343155989,0.0,safim
444,wizardcoder-3b,codegen-6b,4160.0,2192.0,18340.0,0.4098691384950927,0.29034896401308613,0.527184570764147,0.0035167972729764664,0.0034042562396411477,0.0,0.003404256239641148,4.8833782605781424e-266,safim
445,wizardcoder-3b,codellama-13b,4806.0,-1534.0,18340.0,0.4098691384950927,0.4935114503816794,0.4814876815221411,0.0037800065457877893,0.003729207183578844,0.0,0.003729207183578844,3.128250138470676e-110,safim
446,wizardcoder-3b,codellama-34b,4706.0,-974.0,18340.0,0.4098691384950927,0.4629770992366412,0.48266719198021385,0.0037404739119176653,0.003719859941095596,0.0,0.003719859941095596,5.581918090185629e-46,safim
447,wizardcoder-3b,codellama-7b,4658.0,-528.0,18340.0,0.4098691384950927,0.4386586695747001,0.481386873055496,0.003721349079771331,0.0037152720103555414,0.0,0.003715272010355542,1.0771599208297058e-14,safim
448,wizardcoder-3b,deepseek-coder-1.3b,4051.0,-1279.0,18340.0,0.4098691384950927,0.4796074154852781,0.5605222061488971,0.00347041802420274,0.0034319993940582134,0.0,0.0034319993940582143,3.429885774214833e-91,safim
449,wizardcoder-3b,deepseek-coder-33b,5927.0,-4589.0,18340.0,0.4098691384950927,0.6600872410032715,0.4414583977722918,0.004197765097689049,0.003769274657458548,0.0,0.003769274657458548,0.0,safim
450,wizardcoder-3b,deepseek-coder-6.7b,5204.0,-3550.0,18340.0,0.4098691384950927,0.6034351145038168,0.48817191534635646,0.003933410860822559,0.0036645281300823718,0.0,0.0036645281300823718,0.0,safim
451,wizardcoder-3b,gpt-3.5-turbo-0301,5675.0,1129.0,18340.0,0.4098691384950927,0.34830970556161395,0.3482983943153165,0.004107557026531997,0.004082327324543365,0.0,0.004082327324543365,5.160250379623509e-51,safim
452,wizardcoder-3b,gpt-4-1106-preview,6676.0,-1452.0,18340.0,0.4098691384950927,0.4890403489640131,0.2725517837528284,0.004455114114681679,0.004416590398887728,0.0,0.004416590398887727,4.169953482475671e-71,safim
453,wizardcoder-3b,incoder-1b,5287.0,3365.0,18340.0,0.4098691384950927,0.22639040348964012,0.3945243363057413,0.003964654291665319,0.0037259775380825712,0.0,0.0037259775380825712,0.0,safim
454,wizardcoder-3b,incoder-6b,4788.0,2510.0,18340.0,0.4098691384950927,0.27300981461286805,0.45187151927450536,0.0037729212414408272,0.0036350576096303255,0.0,0.003635057609630325,1.2258572036761633e-302,safim
455,wizardcoder-3b,mixtral-8x7b,4605.0,-231.0,18340.0,0.4098691384950927,0.4224645583424209,0.4835400525633787,0.0037001172469626055,0.003698948153856206,0.0,0.003698948153856206,0.0006990096458051273,safim
456,wizardcoder-3b,phi-1.5,4638.0,3050.0,18340.0,0.4098691384950927,0.2435659760087241,0.47580247022712174,0.0037133513291126327,0.0035044224776524593,0.0,0.0035044224776524593,0.0,safim
457,wizardcoder-3b,phi-2,4304.0,2220.0,18340.0,0.4098691384950927,0.28882224645583426,0.5097781271817665,0.003577147102913135,0.0034636762002972477,0.0,0.0034636762002972473,3.7187581077042194e-263,safim
458,wizardcoder-3b,starcoderbase-16b,3533.0,-1607.0,18340.0,0.4098691384950927,0.4974918211559433,0.6240481159228528,0.0032409511672221547,0.003175709555282665,0.0,0.003175709555282666,9.441483050283016e-167,safim
459,wizardcoder-3b,wizardcoder-15b,3473.0,-1175.0,18340.0,0.4098691384950927,0.47393675027262816,0.6229055702435292,0.003213313216610157,0.0031782971429471637,0.0,0.0031782971429471637,5.0644341100549625e-90,safim
460,wizardcoder-3b,wizardcoder-1b,3508.0,1150.0,18340.0,0.4098691384950927,0.347164667393675,0.6004521497373786,0.003229464099228102,0.003196099457706483,0.0,0.003196099457706483,2.3124817297248274e-85,safim
461,wizardcoder-3b,wizardcoder-33b,5423.0,-3125.0,18248.0,0.409743533537922,0.5809951775537046,0.44805578941609975,0.004035566701943153,0.00383127350832457,0.0,0.00383127350832457,0.0,safim
